Time,Host_0,Host_1,Host_2,Host_3,Host_4,Host_5,Host_6,Host_7,Host_8,Host_9,Host_10,Host_11,Host_12,Host_13,Host_14,Host_15
0,100.0,100.0,100.0,100.0,100.0,100.0,0.0,0.0,0.0,0.0,0.0,0.0,0.0,0.0,0.0,0.0
10,100.0,100.0,100.0,100.0,100.0,0.0,0.0,0.0,0.0,0.0,0.0,0.0,0.0,0.0,0.0,0.0
20,100.0,100.0,100.0,100.0,100.0,0.0,0.0,0.0,0.0,0.0,0.0,0.0,0.0,0.0,0.0,0.0
30,100.0,100.0,100.0,100.0,100.0,0.0,0.0,0.0,0.0,0.0,0.0,0.0,0.0,0.0,0.0,0.0
40,100.0,100.0,100.0,100.0,100.0,0.0,0.0,0.0,0.0,0.0,0.0,0.0,0.0,0.0,0.0,0.0
50,100.0,100.0,100.0,100.0,100.0,0.0,0.0,0.0,0.0,0.0,0.0,0.0,0.0,0.0,0.0,0.0
60,100.0,100.0,100.0,100.0,100.0,0.0,0.0,0.0,0.0,0.0,0.0,0.0,0.0,0.0,0.0,0.0
70,100.0,100.0,100.0,100.0,100.0,0.0,0.0,0.0,0.0,0.0,0.0,0.0,0.0,0.0,0.0,0.0
80,100.0,100.0,100.0,100.0,100.0,0.0,0.0,0.0,0.0,0.0,0.0,0.0,0.0,0.0,0.0,0.0
90,100.0,100.0,100.0,100.0,100.0,0.0,0.0,0.0,0.0,0.0,0.0,0.0,0.0,0.0,0.0,0.0
100,100.0,100.0,100.0,100.0,100.0,0.0,0.0,0.0,0.0,0.0,0.0,0.0,0.0,0.0,0.0,0.0
110,100.0,100.0,100.0,100.0,100.0,0.0,0.0,0.0,0.0,0.0,0.0,0.0,0.0,0.0,0.0,0.0
120,100.0,100.0,100.0,100.0,100.0,0.0,0.0,0.0,0.0,0.0,0.0,0.0,0.0,0.0,0.0,0.0
130,100.0,100.0,100.0,100.0,100.0,0.0,0.0,0.0,0.0,0.0,0.0,0.0,0.0,0.0,0.0,0.0
140,100.0,100.0,100.0,100.0,100.0,0.0,0.0,0.0,0.0,0.0,0.0,0.0,0.0,0.0,0.0,0.0
150,100.0,100.0,100.0,100.0,100.0,0.0,0.0,0.0,0.0,0.0,0.0,0.0,0.0,0.0,0.0,0.0
160,100.0,100.0,100.0,100.0,100.0,0.0,0.0,0.0,0.0,0.0,0.0,0.0,0.0,0.0,0.0,0.0
170,100.0,100.0,100.0,100.0,100.0,0.0,0.0,0.0,0.0,0.0,0.0,0.0,0.0,0.0,0.0,0.0
180,100.0,100.0,100.0,100.0,100.0,0.0,0.0,0.0,0.0,0.0,0.0,0.0,0.0,0.0,0.0,0.0
190,100.0,100.0,100.0,100.0,98.07692307692308,0.0,0.0,0.0,0.0,0.0,0.0,0.0,0.0,0.0,0.0,0.0
200,100.0,100.0,100.0,100.0,98.07692307692308,0.0,0.0,0.0,0.0,0.0,0.0,0.0,0.0,0.0,0.0,0.0
210,100.0,100.0,100.0,100.0,98.07692307692308,0.0,0.0,0.0,0.0,0.0,0.0,0.0,0.0,0.0,0.0,0.0
220,100.0,100.0,100.0,100.0,98.07692307692308,0.0,0.0,0.0,0.0,0.0,0.0,0.0,0.0,0.0,0.0,0.0
230,100.0,100.0,100.0,100.0,98.07692307692308,0.0,0.0,0.0,0.0,0.0,0.0,0.0,0.0,0.0,0.0,0.0
240,100.0,100.0,100.0,100.0,95.51282051282053,0.0,0.0,0.0,0.0,0.0,0.0,0.0,0.0,0.0,0.0,0.0
250,100.0,100.0,100.0,100.0,95.51282051282053,0.0,0.0,0.0,0.0,0.0,0.0,0.0,0.0,0.0,0.0,0.0
260,100.0,100.0,100.0,100.0,95.51282051282053,0.0,0.0,0.0,0.0,0.0,0.0,0.0,0.0,0.0,0.0,0.0
270,100.0,100.0,100.0,100.0,95.51282051282053,0.0,0.0,0.0,0.0,0.0,0.0,0.0,0.0,0.0,0.0,0.0
280,100.0,100.0,100.0,100.0,95.51282051282053,0.0,0.0,0.0,0.0,0.0,0.0,0.0,0.0,0.0,0.0,0.0
290,100.0,100.0,100.0,100.0,95.51282051282053,0.0,0.0,0.0,0.0,0.0,0.0,0.0,0.0,0.0,0.0,0.0
300,100.0,100.0,100.0,100.0,95.51282051282053,0.0,0.0,0.0,0.0,0.0,0.0,0.0,0.0,0.0,0.0,0.0
310,100.0,100.0,100.0,100.0,95.51282051282053,0.0,0.0,0.0,0.0,0.0,0.0,0.0,0.0,0.0,0.0,0.0
320,100.0,100.0,100.0,100.0,95.51282051282053,0.0,0.0,0.0,0.0,0.0,0.0,0.0,0.0,0.0,0.0,0.0
330,100.0,100.0,100.0,100.0,92.94871794871794,0.0,0.0,0.0,0.0,0.0,0.0,0.0,0.0,0.0,0.0,0.0
340,100.0,100.0,100.0,100.0,92.94871794871794,0.0,0.0,0.0,0.0,0.0,0.0,0.0,0.0,0.0,0.0,0.0
350,100.0,100.0,100.0,100.0,92.94871794871794,0.0,0.0,0.0,0.0,0.0,0.0,0.0,0.0,0.0,0.0,0.0
360,100.0,100.0,100.0,100.0,92.94871794871794,0.0,0.0,0.0,0.0,0.0,0.0,0.0,0.0,0.0,0.0,0.0
370,100.0,100.0,100.0,100.0,92.94871794871794,0.0,0.0,0.0,0.0,0.0,0.0,0.0,0.0,0.0,0.0,0.0
380,100.0,100.0,100.0,100.0,92.94871794871794,0.0,0.0,0.0,0.0,0.0,0.0,0.0,0.0,0.0,0.0,0.0
390,100.0,100.0,100.0,100.0,92.94871794871794,0.0,0.0,0.0,0.0,0.0,0.0,0.0,0.0,0.0,0.0,0.0
400,100.0,100.0,100.0,100.0,92.94871794871794,0.0,0.0,0.0,0.0,0.0,0.0,0.0,0.0,0.0,0.0,0.0
410,100.0,100.0,100.0,100.0,92.94871794871794,0.0,0.0,0.0,0.0,0.0,0.0,0.0,0.0,0.0,0.0,0.0
420,100.0,100.0,100.0,100.0,92.94871794871794,0.0,0.0,0.0,0.0,0.0,0.0,0.0,0.0,0.0,0.0,0.0
430,100.0,100.0,100.0,100.0,92.94871794871794,0.0,0.0,0.0,0.0,0.0,0.0,0.0,0.0,0.0,0.0,0.0
440,100.0,100.0,100.0,100.0,92.94871794871794,0.0,0.0,0.0,0.0,0.0,0.0,0.0,0.0,0.0,0.0,0.0
450,100.0,100.0,100.0,100.0,92.94871794871794,0.0,0.0,0.0,0.0,0.0,0.0,0.0,0.0,0.0,0.0,0.0
460,100.0,100.0,100.0,100.0,92.94871794871794,0.0,0.0,0.0,0.0,0.0,0.0,0.0,0.0,0.0,0.0,0.0
470,100.0,100.0,100.0,100.0,92.94871794871794,0.0,0.0,0.0,0.0,0.0,0.0,0.0,0.0,0.0,0.0,0.0
480,100.0,100.0,100.0,100.0,92.94871794871794,0.0,0.0,0.0,0.0,0.0,0.0,0.0,0.0,0.0,0.0,0.0
490,100.0,100.0,100.0,100.0,92.94871794871794,0.0,0.0,0.0,0.0,0.0,0.0,0.0,0.0,0.0,0.0,0.0
500,100.0,100.0,100.0,100.0,92.94871794871794,0.0,0.0,0.0,0.0,0.0,0.0,0.0,0.0,0.0,0.0,0.0
510,100.0,100.0,100.0,100.0,92.94871794871794,0.0,0.0,0.0,0.0,0.0,0.0,0.0,0.0,0.0,0.0,0.0
520,100.0,100.0,100.0,100.0,92.94871794871794,0.0,0.0,0.0,0.0,0.0,0.0,0.0,0.0,0.0,0.0,0.0
530,100.0,100.0,100.0,100.0,92.94871794871794,0.0,0.0,0.0,0.0,0.0,0.0,0.0,0.0,0.0,0.0,0.0
540,100.0,100.0,100.0,100.0,92.94871794871794,0.0,0.0,0.0,0.0,0.0,0.0,0.0,0.0,0.0,0.0,0.0
550,100.0,100.0,100.0,100.0,92.94871794871794,0.0,0.0,0.0,0.0,0.0,0.0,0.0,0.0,0.0,0.0,0.0
560,100.0,100.0,100.0,100.0,92.94871794871794,0.0,0.0,0.0,0.0,0.0,0.0,0.0,0.0,0.0,0.0,0.0
570,100.0,100.0,100.0,100.0,92.94871794871794,0.0,0.0,0.0,0.0,0.0,0.0,0.0,0.0,0.0,0.0,0.0
580,100.0,100.0,100.0,100.0,92.94871794871794,0.0,0.0,0.0,0.0,0.0,0.0,0.0,0.0,0.0,0.0,0.0
590,100.0,100.0,100.0,100.0,92.94871794871794,0.0,0.0,0.0,0.0,0.0,0.0,0.0,0.0,0.0,0.0,0.0
600,100.0,100.0,100.0,100.0,92.94871794871794,0.0,0.0,0.0,0.0,0.0,0.0,0.0,0.0,0.0,0.0,0.0
610,100.0,98.07692307692308,100.0,100.0,92.94871794871794,0.0,0.0,0.0,0.0,0.0,0.0,0.0,0.0,0.0,0.0,0.0
620,100.0,98.07692307692308,100.0,100.0,92.94871794871794,0.0,0.0,0.0,0.0,0.0,0.0,0.0,0.0,0.0,0.0,0.0
630,100.0,98.07692307692308,100.0,100.0,92.94871794871794,0.0,0.0,0.0,0.0,0.0,0.0,0.0,0.0,0.0,0.0,0.0
640,100.0,98.07692307692308,100.0,100.0,92.94871794871794,0.0,0.0,0.0,0.0,0.0,0.0,0.0,0.0,0.0,0.0,0.0
650,100.0,98.07692307692308,100.0,100.0,92.94871794871794,0.0,0.0,0.0,0.0,0.0,0.0,0.0,0.0,0.0,0.0,0.0
660,100.0,98.07692307692308,100.0,100.0,92.94871794871794,0.0,0.0,0.0,0.0,0.0,0.0,0.0,0.0,0.0,0.0,0.0
670,100.0,98.07692307692308,100.0,100.0,92.94871794871794,0.0,0.0,0.0,0.0,0.0,0.0,0.0,0.0,0.0,0.0,0.0
680,100.0,98.07692307692308,100.0,100.0,92.94871794871794,0.0,0.0,0.0,0.0,0.0,0.0,0.0,0.0,0.0,0.0,0.0
690,100.0,98.07692307692308,100.0,100.0,92.94871794871794,0.0,0.0,0.0,0.0,0.0,0.0,0.0,0.0,0.0,0.0,0.0
700,100.0,98.07692307692308,100.0,100.0,92.94871794871794,0.0,0.0,0.0,0.0,0.0,0.0,0.0,0.0,0.0,0.0,0.0
710,100.0,98.07692307692308,100.0,100.0,92.94871794871794,0.0,0.0,0.0,0.0,0.0,0.0,0.0,0.0,0.0,0.0,0.0
720,100.0,98.07692307692308,100.0,100.0,92.94871794871794,0.0,0.0,0.0,0.0,0.0,0.0,0.0,0.0,0.0,0.0,0.0
730,100.0,98.07692307692308,100.0,100.0,92.94871794871794,0.0,0.0,0.0,0.0,0.0,0.0,0.0,0.0,0.0,0.0,0.0
740,100.0,98.07692307692308,100.0,100.0,92.94871794871794,0.0,0.0,0.0,0.0,0.0,0.0,0.0,0.0,0.0,0.0,0.0
750,100.0,98.07692307692308,100.0,100.0,92.94871794871794,0.0,0.0,0.0,0.0,0.0,0.0,0.0,0.0,0.0,0.0,0.0
760,100.0,98.07692307692308,100.0,100.0,92.94871794871794,0.0,0.0,0.0,0.0,0.0,0.0,0.0,0.0,0.0,0.0,0.0
770,100.0,98.07692307692308,100.0,100.0,91.02564102564102,0.0,0.0,0.0,0.0,0.0,0.0,0.0,0.0,0.0,0.0,0.0
780,100.0,98.07692307692308,100.0,100.0,91.02564102564102,0.0,0.0,0.0,0.0,0.0,0.0,0.0,0.0,0.0,0.0,0.0
790,100.0,98.07692307692308,100.0,100.0,91.02564102564102,0.0,0.0,0.0,0.0,0.0,0.0,0.0,0.0,0.0,0.0,0.0
800,100.0,98.07692307692308,100.0,100.0,91.02564102564102,0.0,0.0,0.0,0.0,0.0,0.0,0.0,0.0,0.0,0.0,0.0
810,100.0,98.07692307692308,100.0,100.0,91.02564102564102,0.0,0.0,0.0,0.0,0.0,0.0,0.0,0.0,0.0,0.0,0.0
820,100.0,98.07692307692308,100.0,100.0,91.02564102564102,0.0,0.0,0.0,0.0,0.0,0.0,0.0,0.0,0.0,0.0,0.0
830,100.0,98.07692307692308,100.0,100.0,91.02564102564102,0.0,0.0,0.0,0.0,0.0,0.0,0.0,0.0,0.0,0.0,0.0
840,100.0,98.07692307692308,100.0,100.0,91.02564102564102,0.0,0.0,0.0,0.0,0.0,0.0,0.0,0.0,0.0,0.0,0.0
850,100.0,98.07692307692308,100.0,100.0,91.02564102564102,0.0,0.0,0.0,0.0,0.0,0.0,0.0,0.0,0.0,0.0,0.0
860,100.0,98.07692307692308,100.0,100.0,91.02564102564102,0.0,0.0,0.0,0.0,0.0,0.0,0.0,0.0,0.0,0.0,0.0
870,100.0,98.07692307692308,100.0,100.0,91.02564102564102,0.0,0.0,0.0,0.0,0.0,0.0,0.0,0.0,0.0,0.0,0.0
880,100.0,98.07692307692308,100.0,100.0,91.02564102564102,0.0,0.0,0.0,0.0,0.0,0.0,0.0,0.0,0.0,0.0,0.0
890,100.0,98.07692307692308,97.22222222222223,100.0,91.02564102564102,0.0,0.0,0.0,0.0,0.0,0.0,0.0,0.0,0.0,0.0,0.0
900,100.0,98.07692307692308,97.22222222222223,100.0,91.02564102564102,0.0,0.0,0.0,0.0,0.0,0.0,0.0,0.0,0.0,0.0,0.0
910,100.0,98.07692307692308,97.22222222222223,100.0,91.02564102564102,0.0,0.0,0.0,0.0,0.0,0.0,0.0,0.0,0.0,0.0,0.0
920,100.0,98.07692307692308,97.22222222222223,100.0,91.02564102564102,0.0,0.0,0.0,0.0,0.0,0.0,0.0,0.0,0.0,0.0,0.0
930,100.0,98.07692307692308,97.22222222222223,100.0,91.02564102564102,0.0,0.0,0.0,0.0,0.0,0.0,0.0,0.0,0.0,0.0,0.0
940,100.0,98.07692307692308,97.22222222222223,100.0,91.02564102564102,0.0,0.0,0.0,0.0,0.0,0.0,0.0,0.0,0.0,0.0,0.0
950,100.0,98.07692307692308,97.22222222222223,100.0,91.02564102564102,0.0,0.0,0.0,0.0,0.0,0.0,0.0,0.0,0.0,0.0,0.0
960,100.0,98.07692307692308,97.22222222222223,100.0,91.02564102564102,0.0,0.0,0.0,0.0,0.0,0.0,0.0,0.0,0.0,0.0,0.0
970,100.0,98.07692307692308,97.22222222222223,100.0,91.02564102564102,0.0,0.0,0.0,0.0,0.0,0.0,0.0,0.0,0.0,0.0,0.0
980,100.0,98.07692307692308,97.22222222222223,100.0,91.02564102564102,0.0,0.0,0.0,0.0,0.0,0.0,0.0,0.0,0.0,0.0,0.0
990,100.0,98.07692307692308,97.22222222222223,100.0,91.02564102564102,0.0,0.0,0.0,0.0,0.0,0.0,0.0,0.0,0.0,0.0,0.0
1000,100.0,98.07692307692308,97.22222222222223,100.0,91.02564102564102,0.0,0.0,0.0,0.0,0.0,0.0,0.0,0.0,0.0,0.0,0.0
1010,100.0,98.07692307692308,97.22222222222223,100.0,91.02564102564102,0.0,0.0,0.0,0.0,0.0,0.0,0.0,0.0,0.0,0.0,0.0
1020,100.0,98.07692307692308,97.22222222222223,100.0,91.02564102564102,0.0,0.0,0.0,0.0,0.0,0.0,0.0,0.0,0.0,0.0,0.0
1030,100.0,98.07692307692308,97.22222222222223,100.0,91.02564102564102,0.0,0.0,0.0,0.0,0.0,0.0,0.0,0.0,0.0,0.0,0.0
1040,100.0,98.07692307692308,97.22222222222223,100.0,91.02564102564102,0.0,0.0,0.0,0.0,0.0,0.0,0.0,0.0,0.0,0.0,0.0
1050,100.0,98.07692307692308,91.66666666666667,100.0,87.17948717948717,0.0,0.0,0.0,0.0,0.0,0.0,0.0,0.0,0.0,0.0,0.0
1060,100.0,98.07692307692308,91.66666666666667,100.0,87.17948717948717,0.0,0.0,0.0,0.0,0.0,0.0,0.0,0.0,0.0,0.0,0.0
1070,100.0,98.07692307692308,91.66666666666667,100.0,87.17948717948717,0.0,0.0,0.0,0.0,0.0,0.0,0.0,0.0,0.0,0.0,0.0
1080,100.0,98.07692307692308,91.66666666666667,100.0,87.17948717948717,0.0,0.0,0.0,0.0,0.0,0.0,0.0,0.0,0.0,0.0,0.0
1090,100.0,98.07692307692308,91.66666666666667,100.0,87.17948717948717,0.0,0.0,0.0,0.0,0.0,0.0,0.0,0.0,0.0,0.0,0.0
1100,100.0,98.07692307692308,91.66666666666667,100.0,87.17948717948717,0.0,0.0,0.0,0.0,0.0,0.0,0.0,0.0,0.0,0.0,0.0
1110,100.0,98.07692307692308,91.66666666666667,100.0,87.17948717948717,0.0,0.0,0.0,0.0,0.0,0.0,0.0,0.0,0.0,0.0,0.0
1120,100.0,98.07692307692308,91.66666666666667,100.0,87.17948717948717,0.0,0.0,0.0,0.0,0.0,0.0,0.0,0.0,0.0,0.0,0.0
1130,100.0,98.07692307692308,91.66666666666667,100.0,87.17948717948717,0.0,0.0,0.0,0.0,0.0,0.0,0.0,0.0,0.0,0.0,0.0
1140,100.0,98.07692307692308,91.66666666666667,100.0,87.17948717948717,0.0,0.0,0.0,0.0,0.0,0.0,0.0,0.0,0.0,0.0,0.0
1150,100.0,98.07692307692308,91.66666666666667,100.0,87.17948717948717,0.0,0.0,0.0,0.0,0.0,0.0,0.0,0.0,0.0,0.0,0.0
1160,100.0,98.07692307692308,91.66666666666667,100.0,87.17948717948717,0.0,0.0,0.0,0.0,0.0,0.0,0.0,0.0,0.0,0.0,0.0
1170,100.0,98.07692307692308,91.66666666666667,100.0,87.17948717948717,0.0,0.0,0.0,0.0,0.0,0.0,0.0,0.0,0.0,0.0,0.0
1180,100.0,98.07692307692308,91.66666666666667,100.0,87.17948717948717,0.0,0.0,0.0,0.0,0.0,0.0,0.0,0.0,0.0,0.0,0.0
1190,100.0,98.07692307692308,91.66666666666667,100.0,87.17948717948717,0.0,0.0,0.0,0.0,0.0,0.0,0.0,0.0,0.0,0.0,0.0
1200,100.0,98.07692307692308,91.66666666666667,100.0,87.17948717948717,0.0,0.0,0.0,0.0,0.0,0.0,0.0,0.0,0.0,0.0,0.0
1210,100.0,98.07692307692308,91.66666666666667,100.0,87.17948717948717,0.0,0.0,0.0,0.0,0.0,0.0,0.0,0.0,0.0,0.0,0.0
1220,100.0,98.07692307692308,91.66666666666667,100.0,87.17948717948717,0.0,0.0,0.0,0.0,0.0,0.0,0.0,0.0,0.0,0.0,0.0
1230,100.0,98.07692307692308,91.66666666666667,100.0,87.17948717948717,0.0,0.0,0.0,0.0,0.0,0.0,0.0,0.0,0.0,0.0,0.0
1240,100.0,98.07692307692308,91.66666666666667,100.0,87.17948717948717,0.0,0.0,0.0,0.0,0.0,0.0,0.0,0.0,0.0,0.0,0.0
1250,100.0,98.07692307692308,91.66666666666667,100.0,87.17948717948717,0.0,0.0,0.0,0.0,0.0,0.0,0.0,0.0,0.0,0.0,0.0
1260,100.0,98.07692307692308,91.66666666666667,100.0,87.17948717948717,0.0,0.0,0.0,0.0,0.0,0.0,0.0,0.0,0.0,0.0,0.0
1270,100.0,98.07692307692308,91.66666666666667,100.0,87.17948717948717,0.0,0.0,0.0,0.0,0.0,0.0,0.0,0.0,0.0,0.0,0.0
1280,100.0,98.07692307692308,91.66666666666667,100.0,87.17948717948717,0.0,0.0,0.0,0.0,0.0,0.0,0.0,0.0,0.0,0.0,0.0
1290,100.0,98.07692307692308,91.66666666666667,100.0,87.17948717948717,0.0,0.0,0.0,0.0,0.0,0.0,0.0,0.0,0.0,0.0,0.0
1300,100.0,98.07692307692308,91.66666666666667,100.0,87.17948717948717,0.0,0.0,0.0,0.0,0.0,0.0,0.0,0.0,0.0,0.0,0.0
1310,100.0,98.07692307692308,91.66666666666667,100.0,87.17948717948717,0.0,0.0,0.0,0.0,0.0,0.0,0.0,0.0,0.0,0.0,0.0
1320,100.0,98.07692307692308,91.66666666666667,100.0,87.17948717948717,0.0,0.0,0.0,0.0,0.0,0.0,0.0,0.0,0.0,0.0,0.0
1330,100.0,98.07692307692308,91.66666666666667,100.0,87.17948717948717,0.0,0.0,0.0,0.0,0.0,0.0,0.0,0.0,0.0,0.0,0.0
1340,100.0,98.07692307692308,91.66666666666667,100.0,87.17948717948717,0.0,0.0,0.0,0.0,0.0,0.0,0.0,0.0,0.0,0.0,0.0
1350,100.0,98.07692307692308,91.66666666666667,100.0,87.17948717948717,0.0,0.0,0.0,0.0,0.0,0.0,0.0,0.0,0.0,0.0,0.0
1360,100.0,98.07692307692308,91.66666666666667,100.0,87.17948717948717,0.0,0.0,0.0,0.0,0.0,0.0,0.0,0.0,0.0,0.0,0.0
1370,100.0,98.07692307692308,91.66666666666667,100.0,84.61538461538461,0.0,0.0,0.0,0.0,0.0,0.0,0.0,0.0,0.0,0.0,0.0
1380,100.0,98.07692307692308,91.66666666666667,100.0,84.61538461538461,0.0,0.0,0.0,0.0,0.0,0.0,0.0,0.0,0.0,0.0,0.0
1390,100.0,98.07692307692308,91.66666666666667,100.0,84.61538461538461,0.0,0.0,0.0,0.0,0.0,0.0,0.0,0.0,0.0,0.0,0.0
1400,100.0,98.07692307692308,91.66666666666667,100.0,84.61538461538461,0.0,0.0,0.0,0.0,0.0,0.0,0.0,0.0,0.0,0.0,0.0
1410,100.0,98.07692307692308,91.66666666666667,100.0,84.61538461538461,0.0,0.0,0.0,0.0,0.0,0.0,0.0,0.0,0.0,0.0,0.0
1420,100.0,98.07692307692308,91.66666666666667,100.0,84.61538461538461,0.0,0.0,0.0,0.0,0.0,0.0,0.0,0.0,0.0,0.0,0.0
1430,100.0,98.07692307692308,91.66666666666667,100.0,84.61538461538461,0.0,0.0,0.0,0.0,0.0,0.0,0.0,0.0,0.0,0.0,0.0
1440,100.0,98.07692307692308,91.66666666666667,100.0,84.61538461538461,0.0,0.0,0.0,0.0,0.0,0.0,0.0,0.0,0.0,0.0,0.0
1450,100.0,98.07692307692308,91.66666666666667,100.0,84.61538461538461,0.0,0.0,0.0,0.0,0.0,0.0,0.0,0.0,0.0,0.0,0.0
1460,100.0,98.07692307692308,91.66666666666667,100.0,84.61538461538461,0.0,0.0,0.0,0.0,0.0,0.0,0.0,0.0,0.0,0.0,0.0
1470,100.0,98.07692307692308,91.66666666666667,100.0,84.61538461538461,0.0,0.0,0.0,0.0,0.0,0.0,0.0,0.0,0.0,0.0,0.0
1480,100.0,98.07692307692308,91.66666666666667,100.0,84.61538461538461,0.0,0.0,0.0,0.0,0.0,0.0,0.0,0.0,0.0,0.0,0.0
1490,100.0,98.07692307692308,91.66666666666667,100.0,84.61538461538461,0.0,0.0,0.0,0.0,0.0,0.0,0.0,0.0,0.0,0.0,0.0
1500,100.0,98.07692307692308,91.66666666666667,100.0,84.61538461538461,0.0,0.0,0.0,0.0,0.0,0.0,0.0,0.0,0.0,0.0,0.0
1510,100.0,98.07692307692308,91.66666666666667,100.0,84.61538461538461,0.0,0.0,0.0,0.0,0.0,0.0,0.0,0.0,0.0,0.0,0.0
1520,100.0,98.07692307692308,91.66666666666667,100.0,84.61538461538461,0.0,0.0,0.0,0.0,0.0,0.0,0.0,0.0,0.0,0.0,0.0
1530,100.0,98.07692307692308,91.66666666666667,100.0,84.61538461538461,0.0,0.0,0.0,0.0,0.0,0.0,0.0,0.0,0.0,0.0,0.0
1540,100.0,98.07692307692308,91.66666666666667,100.0,84.61538461538461,0.0,0.0,0.0,0.0,0.0,0.0,0.0,0.0,0.0,0.0,0.0
1550,100.0,98.07692307692308,91.66666666666667,100.0,84.61538461538461,0.0,0.0,0.0,0.0,0.0,0.0,0.0,0.0,0.0,0.0,0.0
1560,100.0,98.07692307692308,91.66666666666667,100.0,84.61538461538461,0.0,0.0,0.0,0.0,0.0,0.0,0.0,0.0,0.0,0.0,0.0
1570,100.0,98.07692307692308,91.66666666666667,100.0,84.61538461538461,0.0,0.0,0.0,0.0,0.0,0.0,0.0,0.0,0.0,0.0,0.0
1580,100.0,98.07692307692308,91.66666666666667,100.0,84.61538461538461,0.0,0.0,0.0,0.0,0.0,0.0,0.0,0.0,0.0,0.0,0.0
1590,100.0,98.07692307692308,91.66666666666667,100.0,84.61538461538461,0.0,0.0,0.0,0.0,0.0,0.0,0.0,0.0,0.0,0.0,0.0
1600,100.0,98.07692307692308,91.66666666666667,100.0,84.61538461538461,0.0,0.0,0.0,0.0,0.0,0.0,0.0,0.0,0.0,0.0,0.0
1610,100.0,98.07692307692308,91.66666666666667,100.0,84.61538461538461,0.0,0.0,0.0,0.0,0.0,0.0,0.0,0.0,0.0,0.0,0.0
1620,100.0,98.07692307692308,91.66666666666667,100.0,84.61538461538461,0.0,0.0,0.0,0.0,0.0,0.0,0.0,0.0,0.0,0.0,0.0
1630,98.07692307692308,98.07692307692308,91.66666666666667,100.0,84.61538461538461,0.0,0.0,0.0,0.0,0.0,0.0,0.0,0.0,0.0,0.0,0.0
1640,98.07692307692308,98.07692307692308,91.66666666666667,100.0,84.61538461538461,0.0,0.0,0.0,0.0,0.0,0.0,0.0,0.0,0.0,0.0,0.0
1650,98.07692307692308,98.07692307692308,91.66666666666667,100.0,84.61538461538461,0.0,0.0,0.0,0.0,0.0,0.0,0.0,0.0,0.0,0.0,0.0
1660,98.07692307692308,98.07692307692308,85.41666666666667,100.0,84.61538461538461,0.0,0.0,0.0,0.0,0.0,0.0,0.0,0.0,0.0,0.0,0.0
1670,98.07692307692308,98.07692307692308,85.41666666666667,100.0,84.61538461538461,0.0,0.0,0.0,0.0,0.0,0.0,0.0,0.0,0.0,0.0,0.0
1680,98.07692307692308,98.07692307692308,85.41666666666667,100.0,84.61538461538461,0.0,0.0,0.0,0.0,0.0,0.0,0.0,0.0,0.0,0.0,0.0
1690,98.07692307692308,98.07692307692308,85.41666666666667,100.0,84.61538461538461,0.0,0.0,0.0,0.0,0.0,0.0,0.0,0.0,0.0,0.0,0.0
1700,98.07692307692308,98.07692307692308,85.41666666666667,100.0,84.61538461538461,0.0,0.0,0.0,0.0,0.0,0.0,0.0,0.0,0.0,0.0,0.0
1710,98.07692307692308,98.07692307692308,85.41666666666667,100.0,84.61538461538461,0.0,0.0,0.0,0.0,0.0,0.0,0.0,0.0,0.0,0.0,0.0
1720,98.07692307692308,98.07692307692308,85.41666666666667,100.0,84.61538461538461,0.0,0.0,0.0,0.0,0.0,0.0,0.0,0.0,0.0,0.0,0.0
1730,98.07692307692308,95.51282051282053,85.41666666666667,100.0,84.61538461538461,0.0,0.0,0.0,0.0,0.0,0.0,0.0,0.0,0.0,0.0,0.0
1740,98.07692307692308,95.51282051282053,85.41666666666667,100.0,84.61538461538461,0.0,0.0,0.0,0.0,0.0,0.0,0.0,0.0,0.0,0.0,0.0
1750,98.07692307692308,95.51282051282053,85.41666666666667,100.0,84.61538461538461,0.0,0.0,0.0,0.0,0.0,0.0,0.0,0.0,0.0,0.0,0.0
1760,98.07692307692308,95.51282051282053,85.41666666666667,100.0,84.61538461538461,0.0,0.0,0.0,0.0,0.0,0.0,0.0,0.0,0.0,0.0,0.0
1770,98.07692307692308,95.51282051282053,85.41666666666667,100.0,84.61538461538461,0.0,0.0,0.0,0.0,0.0,0.0,0.0,0.0,0.0,0.0,0.0
1780,98.07692307692308,95.51282051282053,85.41666666666667,100.0,84.61538461538461,0.0,0.0,0.0,0.0,0.0,0.0,0.0,0.0,0.0,0.0,0.0
1790,98.07692307692308,95.51282051282053,85.41666666666667,100.0,84.61538461538461,0.0,0.0,0.0,0.0,0.0,0.0,0.0,0.0,0.0,0.0,0.0
1800,98.07692307692308,95.51282051282053,85.41666666666667,100.0,84.61538461538461,0.0,0.0,0.0,0.0,0.0,0.0,0.0,0.0,0.0,0.0,0.0
1810,98.07692307692308,95.51282051282053,85.41666666666667,100.0,84.61538461538461,0.0,0.0,0.0,0.0,0.0,0.0,0.0,0.0,0.0,0.0,0.0
1820,98.07692307692308,95.51282051282053,85.41666666666667,100.0,84.61538461538461,0.0,0.0,0.0,0.0,0.0,0.0,0.0,0.0,0.0,0.0,0.0
1830,98.07692307692308,95.51282051282053,85.41666666666667,100.0,84.61538461538461,0.0,0.0,0.0,0.0,0.0,0.0,0.0,0.0,0.0,0.0,0.0
1840,98.07692307692308,95.51282051282053,85.41666666666667,100.0,84.61538461538461,0.0,0.0,0.0,0.0,0.0,0.0,0.0,0.0,0.0,0.0,0.0
1850,98.07692307692308,95.51282051282053,85.41666666666667,100.0,84.61538461538461,0.0,0.0,0.0,0.0,0.0,0.0,0.0,0.0,0.0,0.0,0.0
1860,98.07692307692308,95.51282051282053,85.41666666666667,100.0,84.61538461538461,0.0,0.0,0.0,0.0,0.0,0.0,0.0,0.0,0.0,0.0,0.0
1870,98.07692307692308,95.51282051282053,85.41666666666667,100.0,84.61538461538461,0.0,0.0,0.0,0.0,0.0,0.0,0.0,0.0,0.0,0.0,0.0
1880,98.07692307692308,95.51282051282053,85.41666666666667,100.0,84.61538461538461,0.0,0.0,0.0,0.0,0.0,0.0,0.0,0.0,0.0,0.0,0.0
1890,98.07692307692308,95.51282051282053,85.41666666666667,100.0,84.61538461538461,0.0,0.0,0.0,0.0,0.0,0.0,0.0,0.0,0.0,0.0,0.0
1900,98.07692307692308,95.51282051282053,85.41666666666667,96.15384615384616,84.61538461538461,0.0,0.0,0.0,0.0,0.0,0.0,0.0,0.0,0.0,0.0,0.0
1910,98.07692307692308,95.51282051282053,85.41666666666667,96.15384615384616,84.61538461538461,0.0,0.0,0.0,0.0,0.0,0.0,0.0,0.0,0.0,0.0,0.0
1920,98.07692307692308,95.51282051282053,85.41666666666667,96.15384615384616,84.61538461538461,0.0,0.0,0.0,0.0,0.0,0.0,0.0,0.0,0.0,0.0,0.0
1930,98.07692307692308,95.51282051282053,85.41666666666667,96.15384615384616,84.61538461538461,0.0,0.0,0.0,0.0,0.0,0.0,0.0,0.0,0.0,0.0,0.0
1940,98.07692307692308,95.51282051282053,85.41666666666667,96.15384615384616,84.61538461538461,0.0,0.0,0.0,0.0,0.0,0.0,0.0,0.0,0.0,0.0,0.0
1950,98.07692307692308,95.51282051282053,85.41666666666667,96.15384615384616,84.61538461538461,0.0,0.0,0.0,0.0,0.0,0.0,0.0,0.0,0.0,0.0,0.0
1960,98.07692307692308,95.51282051282053,85.41666666666667,96.15384615384616,84.61538461538461,0.0,0.0,0.0,0.0,0.0,0.0,0.0,0.0,0.0,0.0,0.0
1970,98.07692307692308,95.51282051282053,85.41666666666667,96.15384615384616,84.61538461538461,0.0,0.0,0.0,0.0,0.0,0.0,0.0,0.0,0.0,0.0,0.0
1980,96.15384615384616,95.51282051282053,85.41666666666667,96.15384615384616,84.61538461538461,0.0,0.0,0.0,0.0,0.0,0.0,0.0,0.0,0.0,0.0,0.0
1990,96.15384615384616,95.51282051282053,85.41666666666667,96.15384615384616,84.61538461538461,0.0,0.0,0.0,0.0,0.0,0.0,0.0,0.0,0.0,0.0,0.0
2000,96.15384615384616,95.51282051282053,85.41666666666667,96.15384615384616,84.61538461538461,0.0,0.0,0.0,0.0,0.0,0.0,0.0,0.0,0.0,0.0,0.0
2010,96.15384615384616,95.51282051282053,85.41666666666667,96.15384615384616,84.61538461538461,0.0,0.0,0.0,0.0,0.0,0.0,0.0,0.0,0.0,0.0,0.0
2020,96.15384615384616,95.51282051282053,85.41666666666667,96.15384615384616,84.61538461538461,0.0,0.0,0.0,0.0,0.0,0.0,0.0,0.0,0.0,0.0,0.0
2030,96.15384615384616,95.51282051282053,85.41666666666667,96.15384615384616,84.61538461538461,0.0,0.0,0.0,0.0,0.0,0.0,0.0,0.0,0.0,0.0,0.0
2040,96.15384615384616,95.51282051282053,85.41666666666667,96.15384615384616,84.61538461538461,0.0,0.0,0.0,0.0,0.0,0.0,0.0,0.0,0.0,0.0,0.0
2050,96.15384615384616,95.51282051282053,85.41666666666667,96.15384615384616,84.61538461538461,0.0,0.0,0.0,0.0,0.0,0.0,0.0,0.0,0.0,0.0,0.0
2060,96.15384615384616,95.51282051282053,85.41666666666667,96.15384615384616,84.61538461538461,0.0,0.0,0.0,0.0,0.0,0.0,0.0,0.0,0.0,0.0,0.0
2070,96.15384615384616,95.51282051282053,85.41666666666667,96.15384615384616,84.61538461538461,0.0,0.0,0.0,0.0,0.0,0.0,0.0,0.0,0.0,0.0,0.0
2080,96.15384615384616,95.51282051282053,85.41666666666667,96.15384615384616,84.61538461538461,0.0,0.0,0.0,0.0,0.0,0.0,0.0,0.0,0.0,0.0,0.0
2090,96.15384615384616,95.51282051282053,85.41666666666667,96.15384615384616,84.61538461538461,0.0,0.0,0.0,0.0,0.0,0.0,0.0,0.0,0.0,0.0,0.0
2100,96.15384615384616,95.51282051282053,85.41666666666667,96.15384615384616,84.61538461538461,0.0,0.0,0.0,0.0,0.0,0.0,0.0,0.0,0.0,0.0,0.0
2110,96.15384615384616,95.51282051282053,85.41666666666667,96.15384615384616,84.61538461538461,0.0,0.0,0.0,0.0,0.0,0.0,0.0,0.0,0.0,0.0,0.0
2120,96.15384615384616,95.51282051282053,85.41666666666667,96.15384615384616,84.61538461538461,0.0,0.0,0.0,0.0,0.0,0.0,0.0,0.0,0.0,0.0,0.0
2130,96.15384615384616,95.51282051282053,85.41666666666667,96.15384615384616,84.61538461538461,0.0,0.0,0.0,0.0,0.0,0.0,0.0,0.0,0.0,0.0,0.0
2140,96.15384615384616,95.51282051282053,85.41666666666667,96.15384615384616,84.61538461538461,0.0,0.0,0.0,0.0,0.0,0.0,0.0,0.0,0.0,0.0,0.0
2150,96.15384615384616,95.51282051282053,85.41666666666667,96.15384615384616,84.61538461538461,0.0,0.0,0.0,0.0,0.0,0.0,0.0,0.0,0.0,0.0,0.0
2160,96.15384615384616,95.51282051282053,85.41666666666667,96.15384615384616,84.61538461538461,0.0,0.0,0.0,0.0,0.0,0.0,0.0,0.0,0.0,0.0,0.0
2170,96.15384615384616,91.66666666666667,85.41666666666667,96.15384615384616,84.61538461538461,0.0,0.0,0.0,0.0,0.0,0.0,0.0,0.0,0.0,0.0,0.0
2180,96.15384615384616,91.66666666666667,85.41666666666667,96.15384615384616,84.61538461538461,0.0,0.0,0.0,0.0,0.0,0.0,0.0,0.0,0.0,0.0,0.0
2190,96.15384615384616,91.66666666666667,85.41666666666667,96.15384615384616,84.61538461538461,0.0,0.0,0.0,0.0,0.0,0.0,0.0,0.0,0.0,0.0,0.0
2200,96.15384615384616,91.66666666666667,85.41666666666667,96.15384615384616,84.61538461538461,0.0,0.0,0.0,0.0,0.0,0.0,0.0,0.0,0.0,0.0,0.0
2210,96.15384615384616,91.66666666666667,85.41666666666667,96.15384615384616,84.61538461538461,0.0,0.0,0.0,0.0,0.0,0.0,0.0,0.0,0.0,0.0,0.0
2220,96.15384615384616,91.66666666666667,85.41666666666667,96.15384615384616,84.61538461538461,0.0,0.0,0.0,0.0,0.0,0.0,0.0,0.0,0.0,0.0,0.0
2230,96.15384615384616,89.74358974358975,85.41666666666667,96.15384615384616,84.61538461538461,0.0,0.0,0.0,0.0,0.0,0.0,0.0,0.0,0.0,0.0,0.0
2240,96.15384615384616,89.74358974358975,85.41666666666667,96.15384615384616,84.61538461538461,0.0,0.0,0.0,0.0,0.0,0.0,0.0,0.0,0.0,0.0,0.0
2250,96.15384615384616,89.74358974358975,85.41666666666667,96.15384615384616,84.61538461538461,0.0,0.0,0.0,0.0,0.0,0.0,0.0,0.0,0.0,0.0,0.0
2260,96.15384615384616,89.74358974358975,85.41666666666667,96.15384615384616,84.61538461538461,0.0,0.0,0.0,0.0,0.0,0.0,0.0,0.0,0.0,0.0,0.0
2270,96.15384615384616,89.74358974358975,85.41666666666667,96.15384615384616,84.61538461538461,0.0,0.0,0.0,0.0,0.0,0.0,0.0,0.0,0.0,0.0,0.0
2280,96.15384615384616,89.74358974358975,85.41666666666667,96.15384615384616,84.61538461538461,0.0,0.0,0.0,0.0,0.0,0.0,0.0,0.0,0.0,0.0,0.0
2290,96.15384615384616,89.74358974358975,85.41666666666667,96.15384615384616,84.61538461538461,0.0,0.0,0.0,0.0,0.0,0.0,0.0,0.0,0.0,0.0,0.0
2300,96.15384615384616,89.74358974358975,85.41666666666667,96.15384615384616,84.61538461538461,0.0,0.0,0.0,0.0,0.0,0.0,0.0,0.0,0.0,0.0,0.0
2310,96.15384615384616,89.74358974358975,85.41666666666667,96.15384615384616,84.61538461538461,0.0,0.0,0.0,0.0,0.0,0.0,0.0,0.0,0.0,0.0,0.0
2320,96.15384615384616,89.74358974358975,85.41666666666667,96.15384615384616,84.61538461538461,0.0,0.0,0.0,0.0,0.0,0.0,0.0,0.0,0.0,0.0,0.0
2330,96.15384615384616,89.74358974358975,85.41666666666667,96.15384615384616,84.61538461538461,0.0,0.0,0.0,0.0,0.0,0.0,0.0,0.0,0.0,0.0,0.0
2340,96.15384615384616,89.74358974358975,85.41666666666667,96.15384615384616,84.61538461538461,0.0,0.0,0.0,0.0,0.0,0.0,0.0,0.0,0.0,0.0,0.0
2350,96.15384615384616,89.74358974358975,85.41666666666667,96.15384615384616,84.61538461538461,0.0,0.0,0.0,0.0,0.0,0.0,0.0,0.0,0.0,0.0,0.0
2360,96.15384615384616,89.74358974358975,85.41666666666667,96.15384615384616,84.61538461538461,0.0,0.0,0.0,0.0,0.0,0.0,0.0,0.0,0.0,0.0,0.0
2370,96.15384615384616,89.74358974358975,85.41666666666667,96.15384615384616,84.61538461538461,0.0,0.0,0.0,0.0,0.0,0.0,0.0,0.0,0.0,0.0,0.0
2380,96.15384615384616,89.74358974358975,85.41666666666667,96.15384615384616,84.61538461538461,0.0,0.0,0.0,0.0,0.0,0.0,0.0,0.0,0.0,0.0,0.0
2390,96.15384615384616,89.74358974358975,85.41666666666667,96.15384615384616,84.61538461538461,0.0,0.0,0.0,0.0,0.0,0.0,0.0,0.0,0.0,0.0,0.0
2400,96.15384615384616,89.74358974358975,85.41666666666667,96.15384615384616,84.61538461538461,0.0,0.0,0.0,0.0,0.0,0.0,0.0,0.0,0.0,0.0,0.0
2410,96.15384615384616,89.74358974358975,85.41666666666667,96.15384615384616,84.61538461538461,0.0,0.0,0.0,0.0,0.0,0.0,0.0,0.0,0.0,0.0,0.0
2420,96.15384615384616,89.74358974358975,85.41666666666667,96.15384615384616,84.61538461538461,0.0,0.0,0.0,0.0,0.0,0.0,0.0,0.0,0.0,0.0,0.0
2430,96.15384615384616,89.74358974358975,85.41666666666667,96.15384615384616,84.61538461538461,0.0,0.0,0.0,0.0,0.0,0.0,0.0,0.0,0.0,0.0,0.0
2440,96.15384615384616,89.74358974358975,85.41666666666667,96.15384615384616,84.61538461538461,0.0,0.0,0.0,0.0,0.0,0.0,0.0,0.0,0.0,0.0,0.0
2450,96.15384615384616,89.74358974358975,85.41666666666667,96.15384615384616,84.61538461538461,0.0,0.0,0.0,0.0,0.0,0.0,0.0,0.0,0.0,0.0,0.0
2460,96.15384615384616,89.74358974358975,85.41666666666667,96.15384615384616,84.61538461538461,0.0,0.0,0.0,0.0,0.0,0.0,0.0,0.0,0.0,0.0,0.0
2470,96.15384615384616,89.74358974358975,85.41666666666667,96.15384615384616,84.61538461538461,0.0,0.0,0.0,0.0,0.0,0.0,0.0,0.0,0.0,0.0,0.0
2480,96.15384615384616,89.74358974358975,85.41666666666667,96.15384615384616,84.61538461538461,0.0,0.0,0.0,0.0,0.0,0.0,0.0,0.0,0.0,0.0,0.0
2490,96.15384615384616,89.74358974358975,85.41666666666667,96.15384615384616,84.61538461538461,0.0,0.0,0.0,0.0,0.0,0.0,0.0,0.0,0.0,0.0,0.0
2500,96.15384615384616,89.74358974358975,85.41666666666667,96.15384615384616,84.61538461538461,0.0,0.0,0.0,0.0,0.0,0.0,0.0,0.0,0.0,0.0,0.0
2510,96.15384615384616,89.74358974358975,85.41666666666667,96.15384615384616,84.61538461538461,0.0,0.0,0.0,0.0,0.0,0.0,0.0,0.0,0.0,0.0,0.0
2520,96.15384615384616,89.74358974358975,85.41666666666667,96.15384615384616,84.61538461538461,0.0,0.0,0.0,0.0,0.0,0.0,0.0,0.0,0.0,0.0,0.0
2530,96.15384615384616,89.74358974358975,85.41666666666667,96.15384615384616,84.61538461538461,0.0,0.0,0.0,0.0,0.0,0.0,0.0,0.0,0.0,0.0,0.0
2540,96.15384615384616,89.74358974358975,85.41666666666667,96.15384615384616,84.61538461538461,0.0,0.0,0.0,0.0,0.0,0.0,0.0,0.0,0.0,0.0,0.0
2550,96.15384615384616,89.74358974358975,85.41666666666667,96.15384615384616,84.61538461538461,0.0,0.0,0.0,0.0,0.0,0.0,0.0,0.0,0.0,0.0,0.0
2560,96.15384615384616,89.74358974358975,85.41666666666667,96.15384615384616,84.61538461538461,0.0,0.0,0.0,0.0,0.0,0.0,0.0,0.0,0.0,0.0,0.0
2570,96.15384615384616,89.74358974358975,85.41666666666667,96.15384615384616,84.61538461538461,0.0,0.0,0.0,0.0,0.0,0.0,0.0,0.0,0.0,0.0,0.0
2580,96.15384615384616,89.74358974358975,85.41666666666667,96.15384615384616,84.61538461538461,0.0,0.0,0.0,0.0,0.0,0.0,0.0,0.0,0.0,0.0,0.0
2590,96.15384615384616,89.74358974358975,85.41666666666667,96.15384615384616,84.61538461538461,0.0,0.0,0.0,0.0,0.0,0.0,0.0,0.0,0.0,0.0,0.0
2600,96.15384615384616,89.74358974358975,85.41666666666667,96.15384615384616,84.61538461538461,0.0,0.0,0.0,0.0,0.0,0.0,0.0,0.0,0.0,0.0,0.0
2610,96.15384615384616,89.74358974358975,85.41666666666667,96.15384615384616,84.61538461538461,0.0,0.0,0.0,0.0,0.0,0.0,0.0,0.0,0.0,0.0,0.0
2620,96.15384615384616,89.74358974358975,85.41666666666667,92.3076923076923,84.61538461538461,0.0,0.0,0.0,0.0,0.0,0.0,0.0,0.0,0.0,0.0,0.0
2630,96.15384615384616,89.74358974358975,85.41666666666667,92.3076923076923,84.61538461538461,0.0,0.0,0.0,0.0,0.0,0.0,0.0,0.0,0.0,0.0,0.0
2640,96.15384615384616,89.74358974358975,85.41666666666667,92.3076923076923,84.61538461538461,0.0,0.0,0.0,0.0,0.0,0.0,0.0,0.0,0.0,0.0,0.0
2650,96.15384615384616,89.74358974358975,85.41666666666667,92.3076923076923,84.61538461538461,0.0,0.0,0.0,0.0,0.0,0.0,0.0,0.0,0.0,0.0,0.0
2660,96.15384615384616,89.74358974358975,85.41666666666667,92.3076923076923,84.61538461538461,0.0,0.0,0.0,0.0,0.0,0.0,0.0,0.0,0.0,0.0,0.0
2670,96.15384615384616,89.74358974358975,85.41666666666667,92.3076923076923,84.61538461538461,0.0,0.0,0.0,0.0,0.0,0.0,0.0,0.0,0.0,0.0,0.0
2680,96.15384615384616,89.74358974358975,85.41666666666667,92.3076923076923,84.61538461538461,0.0,0.0,0.0,0.0,0.0,0.0,0.0,0.0,0.0,0.0,0.0
2690,96.15384615384616,89.74358974358975,85.41666666666667,92.3076923076923,84.61538461538461,0.0,0.0,0.0,0.0,0.0,0.0,0.0,0.0,0.0,0.0,0.0
2700,96.15384615384616,85.8974358974359,85.41666666666667,90.38461538461539,84.61538461538461,0.0,0.0,0.0,0.0,0.0,0.0,0.0,0.0,0.0,0.0,0.0
2710,96.15384615384616,85.8974358974359,85.41666666666667,90.38461538461539,84.61538461538461,0.0,0.0,0.0,0.0,0.0,0.0,0.0,0.0,0.0,0.0,0.0
2720,96.15384615384616,85.8974358974359,85.41666666666667,90.38461538461539,84.61538461538461,0.0,0.0,0.0,0.0,0.0,0.0,0.0,0.0,0.0,0.0,0.0
2730,96.15384615384616,85.8974358974359,85.41666666666667,90.38461538461539,84.61538461538461,0.0,0.0,0.0,0.0,0.0,0.0,0.0,0.0,0.0,0.0,0.0
2740,96.15384615384616,85.8974358974359,85.41666666666667,90.38461538461539,84.61538461538461,0.0,0.0,0.0,0.0,0.0,0.0,0.0,0.0,0.0,0.0,0.0
2750,96.15384615384616,85.8974358974359,85.41666666666667,90.38461538461539,84.61538461538461,0.0,0.0,0.0,0.0,0.0,0.0,0.0,0.0,0.0,0.0,0.0
2760,96.15384615384616,85.8974358974359,85.41666666666667,90.38461538461539,84.61538461538461,0.0,0.0,0.0,0.0,0.0,0.0,0.0,0.0,0.0,0.0,0.0
2770,96.15384615384616,85.8974358974359,85.41666666666667,90.38461538461539,84.61538461538461,0.0,0.0,0.0,0.0,0.0,0.0,0.0,0.0,0.0,0.0,0.0
2780,96.15384615384616,85.8974358974359,85.41666666666667,90.38461538461539,84.61538461538461,0.0,0.0,0.0,0.0,0.0,0.0,0.0,0.0,0.0,0.0,0.0
2790,96.15384615384616,85.8974358974359,85.41666666666667,90.38461538461539,82.05128205128206,0.0,0.0,0.0,0.0,0.0,0.0,0.0,0.0,0.0,0.0,0.0
2800,96.15384615384616,85.8974358974359,85.41666666666667,90.38461538461539,82.05128205128206,0.0,0.0,0.0,0.0,0.0,0.0,0.0,0.0,0.0,0.0,0.0
2810,96.15384615384616,85.8974358974359,85.41666666666667,90.38461538461539,82.05128205128206,0.0,0.0,0.0,0.0,0.0,0.0,0.0,0.0,0.0,0.0,0.0
2820,96.15384615384616,85.8974358974359,85.41666666666667,90.38461538461539,82.05128205128206,0.0,0.0,0.0,0.0,0.0,0.0,0.0,0.0,0.0,0.0,0.0
2830,96.15384615384616,85.8974358974359,85.41666666666667,90.38461538461539,82.05128205128206,0.0,0.0,0.0,0.0,0.0,0.0,0.0,0.0,0.0,0.0,0.0
2840,96.15384615384616,85.8974358974359,85.41666666666667,90.38461538461539,82.05128205128206,0.0,0.0,0.0,0.0,0.0,0.0,0.0,0.0,0.0,0.0,0.0
2850,96.15384615384616,85.8974358974359,85.41666666666667,90.38461538461539,82.05128205128206,0.0,0.0,0.0,0.0,0.0,0.0,0.0,0.0,0.0,0.0,0.0
2860,96.15384615384616,85.8974358974359,85.41666666666667,90.38461538461539,82.05128205128206,0.0,0.0,0.0,0.0,0.0,0.0,0.0,0.0,0.0,0.0,0.0
2870,96.15384615384616,85.8974358974359,85.41666666666667,90.38461538461539,82.05128205128206,0.0,0.0,0.0,0.0,0.0,0.0,0.0,0.0,0.0,0.0,0.0
2880,96.15384615384616,85.8974358974359,85.41666666666667,90.38461538461539,82.05128205128206,0.0,0.0,0.0,0.0,0.0,0.0,0.0,0.0,0.0,0.0,0.0
2890,96.15384615384616,85.8974358974359,85.41666666666667,90.38461538461539,82.05128205128206,0.0,0.0,0.0,0.0,0.0,0.0,0.0,0.0,0.0,0.0,0.0
2900,96.15384615384616,85.8974358974359,83.33333333333333,90.38461538461539,82.05128205128206,0.0,0.0,0.0,0.0,0.0,0.0,0.0,0.0,0.0,0.0,0.0
2910,96.15384615384616,85.8974358974359,83.33333333333333,90.38461538461539,82.05128205128206,0.0,0.0,0.0,0.0,0.0,0.0,0.0,0.0,0.0,0.0,0.0
2920,96.15384615384616,85.8974358974359,83.33333333333333,90.38461538461539,82.05128205128206,0.0,0.0,0.0,0.0,0.0,0.0,0.0,0.0,0.0,0.0,0.0
2930,96.15384615384616,85.8974358974359,83.33333333333333,90.38461538461539,82.05128205128206,0.0,0.0,0.0,0.0,0.0,0.0,0.0,0.0,0.0,0.0,0.0
2940,96.15384615384616,85.8974358974359,79.16666666666667,90.38461538461539,82.05128205128206,0.0,0.0,0.0,0.0,0.0,0.0,0.0,0.0,0.0,0.0,0.0
2950,96.15384615384616,85.8974358974359,79.16666666666667,90.38461538461539,82.05128205128206,0.0,0.0,0.0,0.0,0.0,0.0,0.0,0.0,0.0,0.0,0.0
2960,96.15384615384616,85.8974358974359,79.16666666666667,90.38461538461539,82.05128205128206,0.0,0.0,0.0,0.0,0.0,0.0,0.0,0.0,0.0,0.0,0.0
2970,96.15384615384616,85.8974358974359,79.16666666666667,90.38461538461539,82.05128205128206,0.0,0.0,0.0,0.0,0.0,0.0,0.0,0.0,0.0,0.0,0.0
2980,96.15384615384616,85.8974358974359,79.16666666666667,90.38461538461539,82.05128205128206,0.0,0.0,0.0,0.0,0.0,0.0,0.0,0.0,0.0,0.0,0.0
2990,96.15384615384616,85.8974358974359,79.16666666666667,90.38461538461539,82.05128205128206,0.0,0.0,0.0,0.0,0.0,0.0,0.0,0.0,0.0,0.0,0.0
3000,96.15384615384616,85.8974358974359,79.16666666666667,90.38461538461539,82.05128205128206,0.0,0.0,0.0,0.0,0.0,0.0,0.0,0.0,0.0,0.0,0.0
3010,96.15384615384616,85.8974358974359,79.16666666666667,90.38461538461539,82.05128205128206,0.0,0.0,0.0,0.0,0.0,0.0,0.0,0.0,0.0,0.0,0.0
3020,96.15384615384616,85.8974358974359,79.16666666666667,90.38461538461539,82.05128205128206,0.0,0.0,0.0,0.0,0.0,0.0,0.0,0.0,0.0,0.0,0.0
3030,96.15384615384616,85.8974358974359,79.16666666666667,90.38461538461539,82.05128205128206,0.0,0.0,0.0,0.0,0.0,0.0,0.0,0.0,0.0,0.0,0.0
3040,96.15384615384616,85.8974358974359,79.16666666666667,90.38461538461539,82.05128205128206,0.0,0.0,0.0,0.0,0.0,0.0,0.0,0.0,0.0,0.0,0.0
3050,96.15384615384616,85.8974358974359,79.16666666666667,90.38461538461539,82.05128205128206,0.0,0.0,0.0,0.0,0.0,0.0,0.0,0.0,0.0,0.0,0.0
3060,96.15384615384616,85.8974358974359,79.16666666666667,90.38461538461539,82.05128205128206,0.0,0.0,0.0,0.0,0.0,0.0,0.0,0.0,0.0,0.0,0.0
3070,96.15384615384616,85.8974358974359,79.16666666666667,90.38461538461539,82.05128205128206,0.0,0.0,0.0,0.0,0.0,0.0,0.0,0.0,0.0,0.0,0.0
3080,96.15384615384616,85.8974358974359,79.16666666666667,86.53846153846153,82.05128205128206,0.0,0.0,0.0,0.0,0.0,0.0,0.0,0.0,0.0,0.0,0.0
3090,96.15384615384616,85.8974358974359,79.16666666666667,86.53846153846153,82.05128205128206,0.0,0.0,0.0,0.0,0.0,0.0,0.0,0.0,0.0,0.0,0.0
3100,96.15384615384616,85.8974358974359,79.16666666666667,86.53846153846153,82.05128205128206,0.0,0.0,0.0,0.0,0.0,0.0,0.0,0.0,0.0,0.0,0.0
3110,96.15384615384616,85.8974358974359,79.16666666666667,86.53846153846153,82.05128205128206,0.0,0.0,0.0,0.0,0.0,0.0,0.0,0.0,0.0,0.0,0.0
3120,96.15384615384616,85.8974358974359,79.16666666666667,86.53846153846153,82.05128205128206,0.0,0.0,0.0,0.0,0.0,0.0,0.0,0.0,0.0,0.0,0.0
3130,96.15384615384616,85.8974358974359,79.16666666666667,86.53846153846153,82.05128205128206,0.0,0.0,0.0,0.0,0.0,0.0,0.0,0.0,0.0,0.0,0.0
3140,96.15384615384616,85.8974358974359,79.16666666666667,86.53846153846153,82.05128205128206,0.0,0.0,0.0,0.0,0.0,0.0,0.0,0.0,0.0,0.0,0.0
3150,96.15384615384616,85.8974358974359,79.16666666666667,86.53846153846153,82.05128205128206,0.0,0.0,0.0,0.0,0.0,0.0,0.0,0.0,0.0,0.0,0.0
3160,96.15384615384616,85.8974358974359,79.16666666666667,86.53846153846153,82.05128205128206,0.0,0.0,0.0,0.0,0.0,0.0,0.0,0.0,0.0,0.0,0.0
3170,96.15384615384616,85.8974358974359,79.16666666666667,86.53846153846153,82.05128205128206,0.0,0.0,0.0,0.0,0.0,0.0,0.0,0.0,0.0,0.0,0.0
3180,96.15384615384616,85.8974358974359,79.16666666666667,82.6923076923077,82.05128205128206,0.0,0.0,0.0,0.0,0.0,0.0,0.0,0.0,0.0,0.0,0.0
3190,96.15384615384616,85.8974358974359,79.16666666666667,82.6923076923077,82.05128205128206,0.0,0.0,0.0,0.0,0.0,0.0,0.0,0.0,0.0,0.0,0.0
3200,96.15384615384616,85.8974358974359,79.16666666666667,82.6923076923077,82.05128205128206,0.0,0.0,0.0,0.0,0.0,0.0,0.0,0.0,0.0,0.0,0.0
3210,96.15384615384616,85.8974358974359,79.16666666666667,82.6923076923077,82.05128205128206,0.0,0.0,0.0,0.0,0.0,0.0,0.0,0.0,0.0,0.0,0.0
3220,96.15384615384616,85.8974358974359,79.16666666666667,75.0,82.05128205128206,0.0,0.0,0.0,0.0,0.0,0.0,0.0,0.0,0.0,0.0,0.0
3230,96.15384615384616,85.8974358974359,79.16666666666667,75.0,82.05128205128206,0.0,0.0,0.0,0.0,0.0,0.0,0.0,0.0,0.0,0.0,0.0
3240,96.15384615384616,85.8974358974359,79.16666666666667,75.0,82.05128205128206,0.0,0.0,0.0,0.0,0.0,0.0,0.0,0.0,0.0,0.0,0.0
3250,96.15384615384616,85.8974358974359,79.16666666666667,73.07692307692308,82.05128205128206,0.0,0.0,0.0,0.0,0.0,0.0,0.0,0.0,0.0,0.0,0.0
3260,96.15384615384616,85.8974358974359,79.16666666666667,73.07692307692308,82.05128205128206,0.0,0.0,0.0,0.0,0.0,0.0,0.0,0.0,0.0,0.0,0.0
3270,96.15384615384616,85.8974358974359,79.16666666666667,73.07692307692308,82.05128205128206,0.0,0.0,0.0,0.0,0.0,0.0,0.0,0.0,0.0,0.0,0.0
3280,96.15384615384616,85.8974358974359,79.16666666666667,73.07692307692308,82.05128205128206,0.0,0.0,0.0,0.0,0.0,0.0,0.0,0.0,0.0,0.0,0.0
3290,96.15384615384616,85.8974358974359,79.16666666666667,73.07692307692308,82.05128205128206,0.0,0.0,0.0,0.0,0.0,0.0,0.0,0.0,0.0,0.0,0.0
3300,96.15384615384616,85.8974358974359,79.16666666666667,73.07692307692308,82.05128205128206,0.0,0.0,0.0,0.0,0.0,0.0,0.0,0.0,0.0,0.0,0.0
3310,96.15384615384616,85.8974358974359,79.16666666666667,73.07692307692308,82.05128205128206,0.0,0.0,0.0,0.0,0.0,0.0,0.0,0.0,0.0,0.0,0.0
3320,96.15384615384616,85.8974358974359,79.16666666666667,73.07692307692308,82.05128205128206,0.0,0.0,0.0,0.0,0.0,0.0,0.0,0.0,0.0,0.0,0.0
3330,96.15384615384616,83.97435897435898,79.16666666666667,73.07692307692308,82.05128205128206,0.0,0.0,0.0,0.0,0.0,0.0,0.0,0.0,0.0,0.0,0.0
3340,96.15384615384616,83.97435897435898,79.16666666666667,73.07692307692308,82.05128205128206,0.0,0.0,0.0,0.0,0.0,0.0,0.0,0.0,0.0,0.0,0.0
3350,96.15384615384616,83.97435897435898,79.16666666666667,73.07692307692308,82.05128205128206,0.0,0.0,0.0,0.0,0.0,0.0,0.0,0.0,0.0,0.0,0.0
3360,96.15384615384616,83.97435897435898,79.16666666666667,73.07692307692308,82.05128205128206,0.0,0.0,0.0,0.0,0.0,0.0,0.0,0.0,0.0,0.0,0.0
3370,96.15384615384616,83.97435897435898,79.16666666666667,73.07692307692308,82.05128205128206,0.0,0.0,0.0,0.0,0.0,0.0,0.0,0.0,0.0,0.0,0.0
3380,96.15384615384616,83.97435897435898,79.16666666666667,73.07692307692308,82.05128205128206,0.0,0.0,0.0,0.0,0.0,0.0,0.0,0.0,0.0,0.0,0.0
3390,96.15384615384616,83.97435897435898,79.16666666666667,73.07692307692308,82.05128205128206,0.0,0.0,0.0,0.0,0.0,0.0,0.0,0.0,0.0,0.0,0.0
3400,96.15384615384616,83.97435897435898,79.16666666666667,73.07692307692308,82.05128205128206,0.0,0.0,0.0,0.0,0.0,0.0,0.0,0.0,0.0,0.0,0.0
3410,96.15384615384616,83.97435897435898,79.16666666666667,73.07692307692308,82.05128205128206,0.0,0.0,0.0,0.0,0.0,0.0,0.0,0.0,0.0,0.0,0.0
3420,96.15384615384616,83.97435897435898,79.16666666666667,73.07692307692308,82.05128205128206,0.0,0.0,0.0,0.0,0.0,0.0,0.0,0.0,0.0,0.0,0.0
3430,96.15384615384616,83.97435897435898,79.16666666666667,73.07692307692308,82.05128205128206,0.0,0.0,0.0,0.0,0.0,0.0,0.0,0.0,0.0,0.0,0.0
3440,96.15384615384616,83.97435897435898,79.16666666666667,73.07692307692308,82.05128205128206,0.0,0.0,0.0,0.0,0.0,0.0,0.0,0.0,0.0,0.0,0.0
3450,96.15384615384616,83.97435897435898,79.16666666666667,73.07692307692308,82.05128205128206,0.0,0.0,0.0,0.0,0.0,0.0,0.0,0.0,0.0,0.0,0.0
3460,96.15384615384616,83.97435897435898,79.16666666666667,73.07692307692308,82.05128205128206,0.0,0.0,0.0,0.0,0.0,0.0,0.0,0.0,0.0,0.0,0.0
3470,92.3076923076923,83.97435897435898,79.16666666666667,73.07692307692308,82.05128205128206,0.0,0.0,0.0,0.0,0.0,0.0,0.0,0.0,0.0,0.0,0.0
3480,92.3076923076923,83.97435897435898,79.16666666666667,73.07692307692308,82.05128205128206,0.0,0.0,0.0,0.0,0.0,0.0,0.0,0.0,0.0,0.0,0.0
3490,92.3076923076923,83.97435897435898,79.16666666666667,73.07692307692308,76.92307692307692,0.0,0.0,0.0,0.0,0.0,0.0,0.0,0.0,0.0,0.0,0.0
3500,92.3076923076923,83.97435897435898,79.16666666666667,73.07692307692308,76.92307692307692,0.0,0.0,0.0,0.0,0.0,0.0,0.0,0.0,0.0,0.0,0.0
3510,92.3076923076923,83.97435897435898,79.16666666666667,73.07692307692308,76.92307692307692,0.0,0.0,0.0,0.0,0.0,0.0,0.0,0.0,0.0,0.0,0.0
3520,92.3076923076923,83.97435897435898,79.16666666666667,73.07692307692308,76.92307692307692,0.0,0.0,0.0,0.0,0.0,0.0,0.0,0.0,0.0,0.0,0.0
3530,92.3076923076923,83.97435897435898,79.16666666666667,73.07692307692308,76.92307692307692,0.0,0.0,0.0,0.0,0.0,0.0,0.0,0.0,0.0,0.0,0.0
3540,92.3076923076923,83.97435897435898,79.16666666666667,73.07692307692308,76.92307692307692,0.0,0.0,0.0,0.0,0.0,0.0,0.0,0.0,0.0,0.0,0.0
3550,92.3076923076923,83.97435897435898,75.0,73.07692307692308,76.92307692307692,0.0,0.0,0.0,0.0,0.0,0.0,0.0,0.0,0.0,0.0,0.0
3560,92.3076923076923,83.97435897435898,75.0,73.07692307692308,76.92307692307692,0.0,0.0,0.0,0.0,0.0,0.0,0.0,0.0,0.0,0.0,0.0
3570,92.3076923076923,83.97435897435898,75.0,73.07692307692308,76.92307692307692,0.0,0.0,0.0,0.0,0.0,0.0,0.0,0.0,0.0,0.0,0.0
3580,92.3076923076923,83.97435897435898,75.0,73.07692307692308,76.92307692307692,0.0,0.0,0.0,0.0,0.0,0.0,0.0,0.0,0.0,0.0,0.0
3590,92.3076923076923,83.97435897435898,75.0,73.07692307692308,76.92307692307692,0.0,0.0,0.0,0.0,0.0,0.0,0.0,0.0,0.0,0.0,0.0
3600,92.3076923076923,80.12820512820514,75.0,73.07692307692308,76.92307692307692,0.0,0.0,0.0,0.0,0.0,0.0,0.0,0.0,0.0,0.0,0.0
3610,92.3076923076923,80.12820512820514,75.0,73.07692307692308,76.92307692307692,0.0,0.0,0.0,0.0,0.0,0.0,0.0,0.0,0.0,0.0,0.0
3620,92.3076923076923,80.12820512820514,75.0,73.07692307692308,76.92307692307692,0.0,0.0,0.0,0.0,0.0,0.0,0.0,0.0,0.0,0.0,0.0
3630,92.3076923076923,80.12820512820514,75.0,73.07692307692308,76.92307692307692,0.0,0.0,0.0,0.0,0.0,0.0,0.0,0.0,0.0,0.0,0.0
3640,92.3076923076923,77.56410256410257,75.0,73.07692307692308,76.92307692307692,0.0,0.0,0.0,0.0,0.0,0.0,0.0,0.0,0.0,0.0,0.0
3650,92.3076923076923,77.56410256410257,75.0,73.07692307692308,76.92307692307692,0.0,0.0,0.0,0.0,0.0,0.0,0.0,0.0,0.0,0.0,0.0
3660,92.3076923076923,71.7948717948718,75.0,73.07692307692308,76.92307692307692,0.0,0.0,0.0,0.0,0.0,0.0,0.0,0.0,0.0,0.0,0.0
3670,92.3076923076923,66.02564102564102,75.0,73.07692307692308,76.92307692307692,0.0,0.0,0.0,0.0,0.0,0.0,0.0,0.0,0.0,0.0,0.0
3680,92.3076923076923,66.02564102564102,75.0,73.07692307692308,76.92307692307692,0.0,0.0,0.0,0.0,0.0,0.0,0.0,0.0,0.0,0.0,0.0
3690,92.3076923076923,66.02564102564102,75.0,73.07692307692308,76.92307692307692,0.0,0.0,0.0,0.0,0.0,0.0,0.0,0.0,0.0,0.0,0.0
3700,92.3076923076923,66.02564102564102,75.0,71.15384615384616,76.92307692307692,0.0,0.0,0.0,0.0,0.0,0.0,0.0,0.0,0.0,0.0,0.0
3710,92.3076923076923,66.02564102564102,75.0,71.15384615384616,76.92307692307692,0.0,0.0,0.0,0.0,0.0,0.0,0.0,0.0,0.0,0.0,0.0
3720,92.3076923076923,66.02564102564102,75.0,71.15384615384616,76.92307692307692,0.0,0.0,0.0,0.0,0.0,0.0,0.0,0.0,0.0,0.0,0.0
3730,92.3076923076923,66.02564102564102,75.0,71.15384615384616,76.92307692307692,0.0,0.0,0.0,0.0,0.0,0.0,0.0,0.0,0.0,0.0,0.0
3740,92.3076923076923,66.02564102564102,75.0,71.15384615384616,76.92307692307692,0.0,0.0,0.0,0.0,0.0,0.0,0.0,0.0,0.0,0.0,0.0
3750,92.3076923076923,66.02564102564102,75.0,71.15384615384616,76.92307692307692,0.0,0.0,0.0,0.0,0.0,0.0,0.0,0.0,0.0,0.0,0.0
3760,92.3076923076923,66.02564102564102,75.0,71.15384615384616,76.92307692307692,0.0,0.0,0.0,0.0,0.0,0.0,0.0,0.0,0.0,0.0,0.0
3770,92.3076923076923,66.02564102564102,75.0,71.15384615384616,76.92307692307692,0.0,0.0,0.0,0.0,0.0,0.0,0.0,0.0,0.0,0.0,0.0
3780,92.3076923076923,66.02564102564102,75.0,71.15384615384616,76.92307692307692,0.0,0.0,0.0,0.0,0.0,0.0,0.0,0.0,0.0,0.0,0.0
3790,92.3076923076923,66.02564102564102,75.0,71.15384615384616,76.92307692307692,0.0,0.0,0.0,0.0,0.0,0.0,0.0,0.0,0.0,0.0,0.0
3800,92.3076923076923,66.02564102564102,75.0,71.15384615384616,76.92307692307692,0.0,0.0,0.0,0.0,0.0,0.0,0.0,0.0,0.0,0.0,0.0
3810,92.3076923076923,66.02564102564102,75.0,71.15384615384616,76.92307692307692,0.0,0.0,0.0,0.0,0.0,0.0,0.0,0.0,0.0,0.0,0.0
3820,92.3076923076923,66.02564102564102,75.0,71.15384615384616,76.92307692307692,0.0,0.0,0.0,0.0,0.0,0.0,0.0,0.0,0.0,0.0,0.0
3830,92.3076923076923,66.02564102564102,75.0,71.15384615384616,76.92307692307692,0.0,0.0,0.0,0.0,0.0,0.0,0.0,0.0,0.0,0.0,0.0
3840,92.3076923076923,66.02564102564102,75.0,71.15384615384616,76.92307692307692,0.0,0.0,0.0,0.0,0.0,0.0,0.0,0.0,0.0,0.0,0.0
3850,92.3076923076923,66.02564102564102,75.0,71.15384615384616,76.92307692307692,0.0,0.0,0.0,0.0,0.0,0.0,0.0,0.0,0.0,0.0,0.0
3860,92.3076923076923,66.02564102564102,75.0,71.15384615384616,76.92307692307692,0.0,0.0,0.0,0.0,0.0,0.0,0.0,0.0,0.0,0.0,0.0
3870,92.3076923076923,66.02564102564102,75.0,65.38461538461539,76.92307692307692,0.0,0.0,0.0,0.0,0.0,0.0,0.0,0.0,0.0,0.0,0.0
3880,92.3076923076923,66.02564102564102,75.0,65.38461538461539,76.92307692307692,0.0,0.0,0.0,0.0,0.0,0.0,0.0,0.0,0.0,0.0,0.0
3890,92.3076923076923,66.02564102564102,75.0,65.38461538461539,76.92307692307692,0.0,0.0,0.0,0.0,0.0,0.0,0.0,0.0,0.0,0.0,0.0
3900,92.3076923076923,66.02564102564102,75.0,65.38461538461539,76.92307692307692,0.0,0.0,0.0,0.0,0.0,0.0,0.0,0.0,0.0,0.0,0.0
3910,92.3076923076923,66.02564102564102,75.0,65.38461538461539,76.92307692307692,0.0,0.0,0.0,0.0,0.0,0.0,0.0,0.0,0.0,0.0,0.0
3920,92.3076923076923,66.02564102564102,75.0,65.38461538461539,76.92307692307692,0.0,0.0,0.0,0.0,0.0,0.0,0.0,0.0,0.0,0.0,0.0
3930,92.3076923076923,66.02564102564102,75.0,65.38461538461539,76.92307692307692,0.0,0.0,0.0,0.0,0.0,0.0,0.0,0.0,0.0,0.0,0.0
3940,92.3076923076923,66.02564102564102,75.0,65.38461538461539,76.92307692307692,0.0,0.0,0.0,0.0,0.0,0.0,0.0,0.0,0.0,0.0,0.0
3950,92.3076923076923,66.02564102564102,75.0,65.38461538461539,76.92307692307692,0.0,0.0,0.0,0.0,0.0,0.0,0.0,0.0,0.0,0.0,0.0
3960,92.3076923076923,66.02564102564102,75.0,65.38461538461539,76.92307692307692,0.0,0.0,0.0,0.0,0.0,0.0,0.0,0.0,0.0,0.0,0.0
3970,92.3076923076923,66.02564102564102,75.0,62.82051282051282,76.92307692307692,0.0,0.0,0.0,0.0,0.0,0.0,0.0,0.0,0.0,0.0,0.0
3980,92.3076923076923,66.02564102564102,75.0,62.82051282051282,76.92307692307692,0.0,0.0,0.0,0.0,0.0,0.0,0.0,0.0,0.0,0.0,0.0
3990,92.3076923076923,66.02564102564102,75.0,62.82051282051282,76.92307692307692,0.0,0.0,0.0,0.0,0.0,0.0,0.0,0.0,0.0,0.0,0.0
4000,92.3076923076923,66.02564102564102,75.0,62.82051282051282,76.92307692307692,0.0,0.0,0.0,0.0,0.0,0.0,0.0,0.0,0.0,0.0,0.0
4010,92.3076923076923,66.02564102564102,75.0,62.82051282051282,76.92307692307692,0.0,0.0,0.0,0.0,0.0,0.0,0.0,0.0,0.0,0.0,0.0
4020,92.3076923076923,66.02564102564102,75.0,62.82051282051282,76.92307692307692,0.0,0.0,0.0,0.0,0.0,0.0,0.0,0.0,0.0,0.0,0.0
4030,92.3076923076923,66.02564102564102,75.0,62.82051282051282,76.92307692307692,0.0,0.0,0.0,0.0,0.0,0.0,0.0,0.0,0.0,0.0,0.0
4040,92.3076923076923,66.02564102564102,75.0,62.82051282051282,76.92307692307692,0.0,0.0,0.0,0.0,0.0,0.0,0.0,0.0,0.0,0.0,0.0
4050,92.3076923076923,66.02564102564102,75.0,58.97435897435897,76.92307692307692,0.0,0.0,0.0,0.0,0.0,0.0,0.0,0.0,0.0,0.0,0.0
4060,92.3076923076923,66.02564102564102,75.0,55.128205128205124,76.92307692307692,0.0,0.0,0.0,0.0,0.0,0.0,0.0,0.0,0.0,0.0,0.0
4070,92.3076923076923,66.02564102564102,66.66666666666667,55.128205128205124,76.92307692307692,0.0,0.0,0.0,0.0,0.0,0.0,0.0,0.0,0.0,0.0,0.0
4080,92.3076923076923,66.02564102564102,66.66666666666667,55.128205128205124,76.92307692307692,0.0,0.0,0.0,0.0,0.0,0.0,0.0,0.0,0.0,0.0,0.0
4090,92.3076923076923,66.02564102564102,66.66666666666667,55.128205128205124,76.92307692307692,0.0,0.0,0.0,0.0,0.0,0.0,0.0,0.0,0.0,0.0,0.0
4100,92.3076923076923,66.02564102564102,66.66666666666667,55.128205128205124,76.92307692307692,0.0,0.0,0.0,0.0,0.0,0.0,0.0,0.0,0.0,0.0,0.0
4110,92.3076923076923,66.02564102564102,66.66666666666667,55.128205128205124,76.92307692307692,0.0,0.0,0.0,0.0,0.0,0.0,0.0,0.0,0.0,0.0,0.0
4120,92.3076923076923,66.02564102564102,66.66666666666667,55.128205128205124,76.92307692307692,0.0,0.0,0.0,0.0,0.0,0.0,0.0,0.0,0.0,0.0,0.0
4130,92.3076923076923,66.02564102564102,66.66666666666667,55.128205128205124,76.92307692307692,0.0,0.0,0.0,0.0,0.0,0.0,0.0,0.0,0.0,0.0,0.0
4140,92.3076923076923,66.02564102564102,66.66666666666667,55.128205128205124,76.92307692307692,0.0,0.0,0.0,0.0,0.0,0.0,0.0,0.0,0.0,0.0,0.0
4150,92.3076923076923,66.02564102564102,66.66666666666667,55.128205128205124,76.92307692307692,0.0,0.0,0.0,0.0,0.0,0.0,0.0,0.0,0.0,0.0,0.0
4160,92.3076923076923,66.02564102564102,66.66666666666667,55.128205128205124,76.92307692307692,0.0,0.0,0.0,0.0,0.0,0.0,0.0,0.0,0.0,0.0,0.0
4170,92.3076923076923,66.02564102564102,66.66666666666667,55.128205128205124,76.92307692307692,0.0,0.0,0.0,0.0,0.0,0.0,0.0,0.0,0.0,0.0,0.0
4180,92.3076923076923,66.02564102564102,66.66666666666667,55.128205128205124,76.92307692307692,0.0,0.0,0.0,0.0,0.0,0.0,0.0,0.0,0.0,0.0,0.0
4190,92.3076923076923,66.02564102564102,66.66666666666667,55.128205128205124,76.92307692307692,0.0,0.0,0.0,0.0,0.0,0.0,0.0,0.0,0.0,0.0,0.0
4200,92.3076923076923,66.02564102564102,66.66666666666667,55.128205128205124,76.92307692307692,0.0,0.0,0.0,0.0,0.0,0.0,0.0,0.0,0.0,0.0,0.0
4210,92.3076923076923,66.02564102564102,66.66666666666667,50.0,76.92307692307692,0.0,0.0,0.0,0.0,0.0,0.0,0.0,0.0,0.0,0.0,0.0
4220,92.3076923076923,66.02564102564102,66.66666666666667,50.0,76.92307692307692,0.0,0.0,0.0,0.0,0.0,0.0,0.0,0.0,0.0,0.0,0.0
4230,92.3076923076923,66.02564102564102,66.66666666666667,50.0,76.92307692307692,0.0,0.0,0.0,0.0,0.0,0.0,0.0,0.0,0.0,0.0,0.0
4240,92.3076923076923,66.02564102564102,66.66666666666667,50.0,76.92307692307692,0.0,0.0,0.0,0.0,0.0,0.0,0.0,0.0,0.0,0.0,0.0
4250,92.3076923076923,66.02564102564102,66.66666666666667,50.0,76.92307692307692,0.0,0.0,0.0,0.0,0.0,0.0,0.0,0.0,0.0,0.0,0.0
4260,92.3076923076923,66.02564102564102,66.66666666666667,50.0,76.92307692307692,0.0,0.0,0.0,0.0,0.0,0.0,0.0,0.0,0.0,0.0,0.0
4270,92.3076923076923,66.02564102564102,66.66666666666667,50.0,76.92307692307692,0.0,0.0,0.0,0.0,0.0,0.0,0.0,0.0,0.0,0.0,0.0
4280,92.3076923076923,60.8974358974359,66.66666666666667,50.0,76.92307692307692,0.0,0.0,0.0,0.0,0.0,0.0,0.0,0.0,0.0,0.0,0.0
4290,92.3076923076923,60.8974358974359,66.66666666666667,50.0,73.07692307692308,0.0,0.0,0.0,0.0,0.0,0.0,0.0,0.0,0.0,0.0,0.0
4300,92.3076923076923,60.8974358974359,66.66666666666667,50.0,73.07692307692308,0.0,0.0,0.0,0.0,0.0,0.0,0.0,0.0,0.0,0.0,0.0
4310,92.3076923076923,60.8974358974359,62.5,50.0,73.07692307692308,0.0,0.0,0.0,0.0,0.0,0.0,0.0,0.0,0.0,0.0,0.0
4320,92.3076923076923,60.8974358974359,62.5,50.0,73.07692307692308,0.0,0.0,0.0,0.0,0.0,0.0,0.0,0.0,0.0,0.0,0.0
4330,92.3076923076923,60.8974358974359,62.5,50.0,73.07692307692308,0.0,0.0,0.0,0.0,0.0,0.0,0.0,0.0,0.0,0.0,0.0
4340,92.85714285714286,60.8974358974359,45.0,50.0,75.0,0.0,0.0,0.0,0.0,0.0,0.0,0.0,0.0,0.0,0.0,0.0
4350,92.85714285714286,60.8974358974359,45.0,50.0,75.0,0.0,0.0,0.0,0.0,0.0,0.0,0.0,0.0,0.0,0.0,0.0
4360,92.85714285714286,60.8974358974359,45.0,50.0,75.0,0.0,0.0,0.0,0.0,0.0,0.0,0.0,0.0,0.0,0.0,0.0
4370,92.85714285714286,60.8974358974359,45.0,50.0,75.0,0.0,0.0,0.0,0.0,0.0,0.0,0.0,0.0,0.0,0.0,0.0
4380,89.28571428571429,60.8974358974359,45.0,50.0,75.0,0.0,0.0,0.0,0.0,0.0,0.0,0.0,0.0,0.0,0.0,0.0
4390,89.28571428571429,60.8974358974359,45.0,50.0,75.0,0.0,0.0,0.0,0.0,0.0,0.0,0.0,0.0,0.0,0.0,0.0
4400,89.28571428571429,60.8974358974359,45.0,50.0,75.0,0.0,0.0,0.0,0.0,0.0,0.0,0.0,0.0,0.0,0.0,0.0
4410,89.28571428571429,60.8974358974359,45.0,48.07692307692308,75.0,0.0,0.0,0.0,0.0,0.0,0.0,0.0,0.0,0.0,0.0,0.0
4420,89.28571428571429,60.8974358974359,45.0,48.07692307692308,75.0,0.0,0.0,0.0,0.0,0.0,0.0,0.0,0.0,0.0,0.0,0.0
4430,89.28571428571429,60.8974358974359,45.0,48.07692307692308,75.0,0.0,0.0,0.0,0.0,0.0,0.0,0.0,0.0,0.0,0.0,0.0
4440,89.28571428571429,60.8974358974359,45.0,48.07692307692308,75.0,0.0,0.0,0.0,0.0,0.0,0.0,0.0,0.0,0.0,0.0,0.0
4450,89.28571428571429,60.8974358974359,45.0,48.07692307692308,75.0,0.0,0.0,0.0,0.0,0.0,0.0,0.0,0.0,0.0,0.0,0.0
4460,89.28571428571429,60.8974358974359,45.0,48.07692307692308,75.0,0.0,0.0,0.0,0.0,0.0,0.0,0.0,0.0,0.0,0.0,0.0
4470,89.28571428571429,60.8974358974359,45.0,48.07692307692308,75.0,0.0,0.0,0.0,0.0,0.0,0.0,0.0,0.0,0.0,0.0,0.0
4480,89.28571428571429,60.8974358974359,45.0,48.07692307692308,75.0,0.0,0.0,0.0,0.0,0.0,0.0,0.0,0.0,0.0,0.0,0.0
4490,90.0,60.8974358974359,45.0,39.583333333333336,75.0,0.0,0.0,0.0,0.0,0.0,0.0,0.0,0.0,0.0,0.0,0.0
4500,90.0,60.8974358974359,45.0,39.583333333333336,71.42857142857143,0.0,0.0,0.0,0.0,0.0,0.0,0.0,0.0,0.0,0.0,0.0
4510,90.0,60.8974358974359,45.0,39.583333333333336,64.28571428571429,0.0,0.0,0.0,0.0,0.0,0.0,0.0,0.0,0.0,0.0,0.0
4520,90.0,60.8974358974359,45.0,39.583333333333336,64.28571428571429,0.0,0.0,0.0,0.0,0.0,0.0,0.0,0.0,0.0,0.0,0.0
4530,90.0,60.8974358974359,45.0,39.583333333333336,64.28571428571429,0.0,0.0,0.0,0.0,0.0,0.0,0.0,0.0,0.0,0.0,0.0
4540,90.0,58.333333333333336,45.0,39.583333333333336,64.28571428571429,0.0,0.0,0.0,0.0,0.0,0.0,0.0,0.0,0.0,0.0,0.0
4550,90.0,58.333333333333336,45.0,39.583333333333336,64.28571428571429,0.0,0.0,0.0,0.0,0.0,0.0,0.0,0.0,0.0,0.0,0.0
4560,90.0,58.333333333333336,45.0,39.583333333333336,64.28571428571429,0.0,0.0,0.0,0.0,0.0,0.0,0.0,0.0,0.0,0.0,0.0
4570,90.0,58.333333333333336,45.0,39.583333333333336,64.28571428571429,0.0,0.0,0.0,0.0,0.0,0.0,0.0,0.0,0.0,0.0,0.0
4580,90.0,58.333333333333336,45.0,39.583333333333336,61.904761904761905,0.0,0.0,0.0,0.0,0.0,0.0,0.0,0.0,0.0,0.0,0.0
4590,90.0,58.333333333333336,45.0,39.583333333333336,61.904761904761905,0.0,0.0,0.0,0.0,0.0,0.0,0.0,0.0,0.0,0.0,0.0
4600,90.0,58.333333333333336,45.0,39.583333333333336,61.904761904761905,0.0,0.0,0.0,0.0,0.0,0.0,0.0,0.0,0.0,0.0,0.0
4610,90.0,56.410256410256416,45.0,39.583333333333336,61.904761904761905,0.0,0.0,0.0,0.0,0.0,0.0,0.0,0.0,0.0,0.0,0.0
4620,90.0,56.410256410256416,45.0,39.583333333333336,61.904761904761905,0.0,0.0,0.0,0.0,0.0,0.0,0.0,0.0,0.0,0.0,0.0
4630,90.0,56.410256410256416,45.0,39.583333333333336,61.904761904761905,0.0,0.0,0.0,0.0,0.0,0.0,0.0,0.0,0.0,0.0,0.0
4640,90.0,56.410256410256416,45.0,39.583333333333336,61.904761904761905,0.0,0.0,0.0,0.0,0.0,0.0,0.0,0.0,0.0,0.0,0.0
4650,90.0,56.410256410256416,45.0,39.583333333333336,61.904761904761905,0.0,0.0,0.0,0.0,0.0,0.0,0.0,0.0,0.0,0.0,0.0
4660,90.0,56.410256410256416,45.0,39.583333333333336,61.904761904761905,0.0,0.0,0.0,0.0,0.0,0.0,0.0,0.0,0.0,0.0,0.0
4670,90.0,56.410256410256416,45.0,39.583333333333336,61.904761904761905,0.0,0.0,0.0,0.0,0.0,0.0,0.0,0.0,0.0,0.0,0.0
4680,90.0,56.410256410256416,45.0,39.583333333333336,61.904761904761905,0.0,0.0,0.0,0.0,0.0,0.0,0.0,0.0,0.0,0.0,0.0
4690,90.0,56.410256410256416,45.0,39.583333333333336,61.904761904761905,0.0,0.0,0.0,0.0,0.0,0.0,0.0,0.0,0.0,0.0,0.0
4700,90.0,56.410256410256416,45.0,39.583333333333336,61.904761904761905,0.0,0.0,0.0,0.0,0.0,0.0,0.0,0.0,0.0,0.0,0.0
4710,90.0,56.410256410256416,45.0,39.583333333333336,61.904761904761905,0.0,0.0,0.0,0.0,0.0,0.0,0.0,0.0,0.0,0.0,0.0
4720,86.66666666666667,56.410256410256416,45.0,35.416666666666664,61.904761904761905,0.0,0.0,0.0,0.0,0.0,0.0,0.0,0.0,0.0,0.0,0.0
4730,86.66666666666667,56.410256410256416,45.0,35.416666666666664,61.904761904761905,0.0,0.0,0.0,0.0,0.0,0.0,0.0,0.0,0.0,0.0,0.0
4740,86.66666666666667,56.410256410256416,45.0,35.416666666666664,61.904761904761905,0.0,0.0,0.0,0.0,0.0,0.0,0.0,0.0,0.0,0.0,0.0
4750,86.66666666666667,56.410256410256416,45.0,35.416666666666664,61.904761904761905,0.0,0.0,0.0,0.0,0.0,0.0,0.0,0.0,0.0,0.0,0.0
4760,86.66666666666667,56.410256410256416,45.0,35.416666666666664,61.904761904761905,0.0,0.0,0.0,0.0,0.0,0.0,0.0,0.0,0.0,0.0,0.0
4770,86.66666666666667,56.410256410256416,45.0,35.416666666666664,61.904761904761905,0.0,0.0,0.0,0.0,0.0,0.0,0.0,0.0,0.0,0.0,0.0
4780,86.66666666666667,56.410256410256416,45.0,35.416666666666664,61.904761904761905,0.0,0.0,0.0,0.0,0.0,0.0,0.0,0.0,0.0,0.0,0.0
4790,86.66666666666667,56.410256410256416,45.0,35.416666666666664,61.904761904761905,0.0,0.0,0.0,0.0,0.0,0.0,0.0,0.0,0.0,0.0,0.0
4800,86.66666666666667,56.410256410256416,45.0,35.416666666666664,61.904761904761905,0.0,0.0,0.0,0.0,0.0,0.0,0.0,0.0,0.0,0.0,0.0
4810,86.66666666666667,56.410256410256416,45.0,33.333333333333336,61.904761904761905,0.0,0.0,0.0,0.0,0.0,0.0,0.0,0.0,0.0,0.0,0.0
4820,86.66666666666667,56.410256410256416,45.0,33.333333333333336,61.904761904761905,0.0,0.0,0.0,0.0,0.0,0.0,0.0,0.0,0.0,0.0,0.0
4830,86.66666666666667,56.410256410256416,45.0,33.333333333333336,61.904761904761905,0.0,0.0,0.0,0.0,0.0,0.0,0.0,0.0,0.0,0.0,0.0
4840,80.0,56.410256410256416,45.0,33.333333333333336,61.904761904761905,0.0,0.0,0.0,0.0,0.0,0.0,0.0,0.0,0.0,0.0,0.0
4850,80.0,56.410256410256416,45.0,33.333333333333336,61.904761904761905,0.0,0.0,0.0,0.0,0.0,0.0,0.0,0.0,0.0,0.0,0.0
4860,80.0,56.410256410256416,45.0,33.333333333333336,61.904761904761905,0.0,0.0,0.0,0.0,0.0,0.0,0.0,0.0,0.0,0.0,0.0
4870,80.0,56.410256410256416,45.0,33.333333333333336,61.904761904761905,0.0,0.0,0.0,0.0,0.0,0.0,0.0,0.0,0.0,0.0,0.0
4880,80.0,56.410256410256416,45.0,33.333333333333336,61.904761904761905,0.0,0.0,0.0,0.0,0.0,0.0,0.0,0.0,0.0,0.0,0.0
4890,80.0,56.410256410256416,45.0,33.333333333333336,61.904761904761905,0.0,0.0,0.0,0.0,0.0,0.0,0.0,0.0,0.0,0.0,0.0
4900,80.0,56.410256410256416,45.0,33.333333333333336,61.904761904761905,0.0,0.0,0.0,0.0,0.0,0.0,0.0,0.0,0.0,0.0,0.0
4910,80.0,56.410256410256416,45.0,33.333333333333336,61.904761904761905,0.0,0.0,0.0,0.0,0.0,0.0,0.0,0.0,0.0,0.0,0.0
4920,80.0,56.410256410256416,45.0,33.333333333333336,61.904761904761905,0.0,0.0,0.0,0.0,0.0,0.0,0.0,0.0,0.0,0.0,0.0
4930,80.0,56.410256410256416,45.0,33.333333333333336,61.904761904761905,0.0,0.0,0.0,0.0,0.0,0.0,0.0,0.0,0.0,0.0,0.0
4940,80.0,56.410256410256416,45.0,33.333333333333336,61.904761904761905,0.0,0.0,0.0,0.0,0.0,0.0,0.0,0.0,0.0,0.0,0.0
4950,80.0,56.410256410256416,45.0,33.333333333333336,61.904761904761905,0.0,0.0,0.0,0.0,0.0,0.0,0.0,0.0,0.0,0.0,0.0
4960,80.0,56.410256410256416,40.0,33.333333333333336,61.904761904761905,0.0,0.0,0.0,0.0,0.0,0.0,0.0,0.0,0.0,0.0,0.0
4970,80.0,56.410256410256416,40.0,33.333333333333336,61.904761904761905,0.0,0.0,0.0,0.0,0.0,0.0,0.0,0.0,0.0,0.0,0.0
4980,80.0,48.71794871794872,40.0,33.333333333333336,61.904761904761905,0.0,0.0,0.0,0.0,0.0,0.0,0.0,0.0,0.0,0.0,0.0
4990,80.0,48.71794871794872,40.0,33.333333333333336,61.904761904761905,0.0,0.0,0.0,0.0,0.0,0.0,0.0,0.0,0.0,0.0,0.0
5000,80.0,48.71794871794872,40.0,33.333333333333336,61.904761904761905,0.0,0.0,0.0,0.0,0.0,0.0,0.0,0.0,0.0,0.0,0.0
5010,80.0,48.71794871794872,40.0,33.333333333333336,61.904761904761905,0.0,0.0,0.0,0.0,0.0,0.0,0.0,0.0,0.0,0.0,0.0
5020,80.0,48.71794871794872,40.0,33.333333333333336,61.904761904761905,0.0,0.0,0.0,0.0,0.0,0.0,0.0,0.0,0.0,0.0,0.0
5030,80.0,48.71794871794872,40.0,33.333333333333336,61.904761904761905,0.0,0.0,0.0,0.0,0.0,0.0,0.0,0.0,0.0,0.0,0.0
5040,80.0,48.71794871794872,40.0,33.333333333333336,61.904761904761905,0.0,0.0,0.0,0.0,0.0,0.0,0.0,0.0,0.0,0.0,0.0
5050,73.33333333333333,48.71794871794872,40.0,33.333333333333336,61.904761904761905,0.0,0.0,0.0,0.0,0.0,0.0,0.0,0.0,0.0,0.0,0.0
5060,73.33333333333333,48.71794871794872,40.0,33.333333333333336,61.904761904761905,0.0,0.0,0.0,0.0,0.0,0.0,0.0,0.0,0.0,0.0,0.0
5070,73.33333333333333,48.71794871794872,40.0,33.333333333333336,61.904761904761905,0.0,0.0,0.0,0.0,0.0,0.0,0.0,0.0,0.0,0.0,0.0
5080,73.33333333333333,48.71794871794872,40.0,33.333333333333336,61.904761904761905,0.0,0.0,0.0,0.0,0.0,0.0,0.0,0.0,0.0,0.0,0.0
5090,73.33333333333333,48.71794871794872,40.0,30.76923076923077,58.97435897435897,0.0,0.0,0.0,0.0,0.0,0.0,0.0,0.0,0.0,0.0,0.0
5100,73.33333333333333,45.23809523809524,40.0,33.333333333333336,58.97435897435897,0.0,0.0,0.0,0.0,0.0,0.0,0.0,0.0,0.0,0.0,0.0
5110,73.33333333333333,45.23809523809524,40.0,33.333333333333336,58.97435897435897,0.0,0.0,0.0,0.0,0.0,0.0,0.0,0.0,0.0,0.0,0.0
5120,73.33333333333333,45.23809523809524,40.0,33.333333333333336,58.97435897435897,0.0,0.0,0.0,0.0,0.0,0.0,0.0,0.0,0.0,0.0,0.0
5130,73.33333333333333,45.23809523809524,30.0,33.333333333333336,58.97435897435897,0.0,0.0,0.0,0.0,0.0,0.0,0.0,0.0,0.0,0.0,0.0
5140,73.33333333333333,45.23809523809524,30.0,33.333333333333336,58.97435897435897,0.0,0.0,0.0,0.0,0.0,0.0,0.0,0.0,0.0,0.0,0.0
5150,73.33333333333333,45.23809523809524,30.0,33.333333333333336,58.97435897435897,0.0,0.0,0.0,0.0,0.0,0.0,0.0,0.0,0.0,0.0,0.0
5160,73.33333333333333,45.23809523809524,30.0,33.333333333333336,58.97435897435897,0.0,0.0,0.0,0.0,0.0,0.0,0.0,0.0,0.0,0.0,0.0
5170,73.33333333333333,45.23809523809524,30.0,33.333333333333336,58.97435897435897,0.0,0.0,0.0,0.0,0.0,0.0,0.0,0.0,0.0,0.0,0.0
5180,73.33333333333333,45.23809523809524,30.0,33.333333333333336,53.84615384615385,0.0,0.0,0.0,0.0,0.0,0.0,0.0,0.0,0.0,0.0,0.0
5190,73.33333333333333,45.23809523809524,30.0,33.333333333333336,53.84615384615385,0.0,0.0,0.0,0.0,0.0,0.0,0.0,0.0,0.0,0.0,0.0
5200,73.33333333333333,45.23809523809524,30.0,33.333333333333336,53.84615384615385,0.0,0.0,0.0,0.0,0.0,0.0,0.0,0.0,0.0,0.0,0.0
5210,73.33333333333333,45.23809523809524,30.0,33.333333333333336,46.15384615384615,0.0,0.0,0.0,0.0,0.0,0.0,0.0,0.0,0.0,0.0,0.0
5220,73.33333333333333,45.23809523809524,30.0,33.333333333333336,46.15384615384615,0.0,0.0,0.0,0.0,0.0,0.0,0.0,0.0,0.0,0.0,0.0
5230,73.33333333333333,45.23809523809524,30.0,33.333333333333336,46.15384615384615,0.0,0.0,0.0,0.0,0.0,0.0,0.0,0.0,0.0,0.0,0.0
5240,73.33333333333333,45.23809523809524,30.0,33.333333333333336,46.15384615384615,0.0,0.0,0.0,0.0,0.0,0.0,0.0,0.0,0.0,0.0,0.0
5250,73.33333333333333,45.23809523809524,30.0,33.333333333333336,46.15384615384615,0.0,0.0,0.0,0.0,0.0,0.0,0.0,0.0,0.0,0.0,0.0
5260,73.33333333333333,45.23809523809524,30.0,33.333333333333336,46.15384615384615,0.0,0.0,0.0,0.0,0.0,0.0,0.0,0.0,0.0,0.0,0.0
5270,73.33333333333333,45.23809523809524,30.0,33.333333333333336,46.15384615384615,0.0,0.0,0.0,0.0,0.0,0.0,0.0,0.0,0.0,0.0,0.0
5280,73.33333333333333,45.23809523809524,30.0,33.333333333333336,46.15384615384615,0.0,0.0,0.0,0.0,0.0,0.0,0.0,0.0,0.0,0.0,0.0
5290,73.33333333333333,45.23809523809524,30.0,33.333333333333336,46.15384615384615,0.0,0.0,0.0,0.0,0.0,0.0,0.0,0.0,0.0,0.0,0.0
5300,73.33333333333333,40.476190476190474,30.0,33.333333333333336,46.15384615384615,0.0,0.0,0.0,0.0,0.0,0.0,0.0,0.0,0.0,0.0,0.0
5310,73.33333333333333,40.476190476190474,30.0,33.333333333333336,46.15384615384615,0.0,0.0,0.0,0.0,0.0,0.0,0.0,0.0,0.0,0.0,0.0
5320,73.33333333333333,40.476190476190474,30.0,33.333333333333336,46.15384615384615,0.0,0.0,0.0,0.0,0.0,0.0,0.0,0.0,0.0,0.0,0.0
5330,73.33333333333333,40.476190476190474,30.0,33.333333333333336,46.15384615384615,0.0,0.0,0.0,0.0,0.0,0.0,0.0,0.0,0.0,0.0,0.0
5340,73.33333333333333,40.476190476190474,30.0,33.333333333333336,46.15384615384615,0.0,0.0,0.0,0.0,0.0,0.0,0.0,0.0,0.0,0.0,0.0
5350,73.33333333333333,40.476190476190474,30.0,33.333333333333336,46.15384615384615,0.0,0.0,0.0,0.0,0.0,0.0,0.0,0.0,0.0,0.0,0.0
5360,73.33333333333333,40.476190476190474,30.0,33.333333333333336,46.15384615384615,0.0,0.0,0.0,0.0,0.0,0.0,0.0,0.0,0.0,0.0,0.0
5370,73.33333333333333,40.476190476190474,30.0,33.333333333333336,46.15384615384615,0.0,0.0,0.0,0.0,0.0,0.0,0.0,0.0,0.0,0.0,0.0
5380,73.33333333333333,40.476190476190474,30.0,33.333333333333336,46.15384615384615,0.0,0.0,0.0,0.0,0.0,0.0,0.0,0.0,0.0,0.0,0.0
5390,73.33333333333333,38.095238095238095,30.0,33.333333333333336,46.15384615384615,0.0,0.0,0.0,0.0,0.0,0.0,0.0,0.0,0.0,0.0,0.0
5400,73.33333333333333,38.095238095238095,30.0,33.333333333333336,46.15384615384615,0.0,0.0,0.0,0.0,0.0,0.0,0.0,0.0,0.0,0.0,0.0
5410,73.33333333333333,38.095238095238095,30.0,33.333333333333336,46.15384615384615,0.0,0.0,0.0,0.0,0.0,0.0,0.0,0.0,0.0,0.0,0.0
5420,73.33333333333333,38.095238095238095,30.0,33.333333333333336,46.15384615384615,0.0,0.0,0.0,0.0,0.0,0.0,0.0,0.0,0.0,0.0,0.0
5430,73.33333333333333,38.095238095238095,30.0,33.333333333333336,46.15384615384615,0.0,0.0,0.0,0.0,0.0,0.0,0.0,0.0,0.0,0.0,0.0
5440,73.33333333333333,38.095238095238095,30.0,33.333333333333336,46.15384615384615,0.0,0.0,0.0,0.0,0.0,0.0,0.0,0.0,0.0,0.0,0.0
5450,73.33333333333333,38.095238095238095,30.0,33.333333333333336,46.15384615384615,0.0,0.0,0.0,0.0,0.0,0.0,0.0,0.0,0.0,0.0,0.0
5460,73.33333333333333,38.095238095238095,30.0,33.333333333333336,46.15384615384615,0.0,0.0,0.0,0.0,0.0,0.0,0.0,0.0,0.0,0.0,0.0
5470,73.33333333333333,38.095238095238095,30.0,33.333333333333336,46.15384615384615,0.0,0.0,0.0,0.0,0.0,0.0,0.0,0.0,0.0,0.0,0.0
5480,73.33333333333333,38.095238095238095,30.0,33.333333333333336,46.15384615384615,0.0,0.0,0.0,0.0,0.0,0.0,0.0,0.0,0.0,0.0,0.0
5490,73.33333333333333,38.095238095238095,30.0,33.333333333333336,46.15384615384615,0.0,0.0,0.0,0.0,0.0,0.0,0.0,0.0,0.0,0.0,0.0
5500,73.33333333333333,38.095238095238095,30.0,33.333333333333336,46.15384615384615,0.0,0.0,0.0,0.0,0.0,0.0,0.0,0.0,0.0,0.0,0.0
5510,73.33333333333333,38.095238095238095,30.0,33.333333333333336,46.15384615384615,0.0,0.0,0.0,0.0,0.0,0.0,0.0,0.0,0.0,0.0,0.0
5520,73.33333333333333,38.095238095238095,30.0,33.333333333333336,46.15384615384615,0.0,0.0,0.0,0.0,0.0,0.0,0.0,0.0,0.0,0.0,0.0
5530,73.33333333333333,38.095238095238095,30.0,33.333333333333336,46.15384615384615,0.0,0.0,0.0,0.0,0.0,0.0,0.0,0.0,0.0,0.0,0.0
5540,73.33333333333333,38.095238095238095,30.0,33.333333333333336,46.15384615384615,0.0,0.0,0.0,0.0,0.0,0.0,0.0,0.0,0.0,0.0,0.0
5550,73.33333333333333,38.095238095238095,30.0,33.333333333333336,46.15384615384615,0.0,0.0,0.0,0.0,0.0,0.0,0.0,0.0,0.0,0.0,0.0
5560,73.33333333333333,38.095238095238095,30.0,33.333333333333336,46.15384615384615,0.0,0.0,0.0,0.0,0.0,0.0,0.0,0.0,0.0,0.0,0.0
5570,73.33333333333333,30.952380952380953,30.0,33.333333333333336,46.15384615384615,0.0,0.0,0.0,0.0,0.0,0.0,0.0,0.0,0.0,0.0,0.0
5580,73.33333333333333,30.952380952380953,30.0,33.333333333333336,46.15384615384615,0.0,0.0,0.0,0.0,0.0,0.0,0.0,0.0,0.0,0.0,0.0
5590,73.33333333333333,30.952380952380953,30.0,33.333333333333336,46.15384615384615,0.0,0.0,0.0,0.0,0.0,0.0,0.0,0.0,0.0,0.0,0.0
5600,73.33333333333333,30.952380952380953,30.0,33.333333333333336,46.15384615384615,0.0,0.0,0.0,0.0,0.0,0.0,0.0,0.0,0.0,0.0,0.0
5610,73.33333333333333,30.952380952380953,30.0,33.333333333333336,46.15384615384615,0.0,0.0,0.0,0.0,0.0,0.0,0.0,0.0,0.0,0.0,0.0
5620,73.33333333333333,30.952380952380953,30.0,33.333333333333336,46.15384615384615,0.0,0.0,0.0,0.0,0.0,0.0,0.0,0.0,0.0,0.0,0.0
5630,73.33333333333333,30.952380952380953,30.0,33.333333333333336,46.15384615384615,0.0,0.0,0.0,0.0,0.0,0.0,0.0,0.0,0.0,0.0,0.0
5640,73.33333333333333,30.952380952380953,30.0,25.0,46.15384615384615,0.0,0.0,0.0,0.0,0.0,0.0,0.0,0.0,0.0,0.0,0.0
5650,73.33333333333333,30.952380952380953,30.0,25.0,46.15384615384615,0.0,0.0,0.0,0.0,0.0,0.0,0.0,0.0,0.0,0.0,0.0
5660,73.33333333333333,30.952380952380953,30.0,25.0,46.15384615384615,0.0,0.0,0.0,0.0,0.0,0.0,0.0,0.0,0.0,0.0,0.0
5670,73.33333333333333,30.952380952380953,30.0,25.0,46.15384615384615,0.0,0.0,0.0,0.0,0.0,0.0,0.0,0.0,0.0,0.0,0.0
5680,66.66666666666667,30.952380952380953,30.0,25.0,46.15384615384615,0.0,0.0,0.0,0.0,0.0,0.0,0.0,0.0,0.0,0.0,0.0
5690,66.66666666666667,30.952380952380953,30.0,25.0,46.15384615384615,0.0,0.0,0.0,0.0,0.0,0.0,0.0,0.0,0.0,0.0,0.0
5700,66.66666666666667,30.952380952380953,30.0,25.0,46.15384615384615,0.0,0.0,0.0,0.0,0.0,0.0,0.0,0.0,0.0,0.0,0.0
5710,66.66666666666667,30.952380952380953,30.0,25.0,46.15384615384615,0.0,0.0,0.0,0.0,0.0,0.0,0.0,0.0,0.0,0.0,0.0
5720,66.66666666666667,30.952380952380953,30.0,25.0,46.15384615384615,0.0,0.0,0.0,0.0,0.0,0.0,0.0,0.0,0.0,0.0,0.0
5730,66.66666666666667,30.952380952380953,30.0,25.0,38.46153846153846,0.0,0.0,0.0,0.0,0.0,0.0,0.0,0.0,0.0,0.0,0.0
5740,66.66666666666667,23.809523809523807,30.0,25.0,38.46153846153846,0.0,0.0,0.0,0.0,0.0,0.0,0.0,0.0,0.0,0.0,0.0
5750,66.66666666666667,23.809523809523807,30.0,25.0,38.46153846153846,0.0,0.0,0.0,0.0,0.0,0.0,0.0,0.0,0.0,0.0,0.0
5760,66.66666666666667,23.809523809523807,30.0,25.0,38.46153846153846,0.0,0.0,0.0,0.0,0.0,0.0,0.0,0.0,0.0,0.0,0.0
5770,66.66666666666667,23.809523809523807,30.0,25.0,38.46153846153846,0.0,0.0,0.0,0.0,0.0,0.0,0.0,0.0,0.0,0.0,0.0
5780,66.66666666666667,23.809523809523807,30.0,25.0,38.46153846153846,0.0,0.0,0.0,0.0,0.0,0.0,0.0,0.0,0.0,0.0,0.0
5790,66.66666666666667,23.809523809523807,30.0,25.0,38.46153846153846,0.0,0.0,0.0,0.0,0.0,0.0,0.0,0.0,0.0,0.0,0.0
5800,66.66666666666667,23.809523809523807,30.0,25.0,38.46153846153846,0.0,0.0,0.0,0.0,0.0,0.0,0.0,0.0,0.0,0.0,0.0
5810,66.66666666666667,23.809523809523807,30.0,25.0,38.46153846153846,0.0,0.0,0.0,0.0,0.0,0.0,0.0,0.0,0.0,0.0,0.0
5820,66.66666666666667,23.809523809523807,30.0,25.0,38.46153846153846,0.0,0.0,0.0,0.0,0.0,0.0,0.0,0.0,0.0,0.0,0.0
5830,66.66666666666667,23.809523809523807,30.0,25.0,38.46153846153846,0.0,0.0,0.0,0.0,0.0,0.0,0.0,0.0,0.0,0.0,0.0
5840,66.66666666666667,23.809523809523807,30.0,22.222222222222218,38.46153846153846,0.0,0.0,0.0,0.0,0.0,0.0,0.0,0.0,0.0,0.0,0.0
5850,66.66666666666667,23.809523809523807,30.0,22.222222222222218,38.46153846153846,0.0,0.0,0.0,0.0,0.0,0.0,0.0,0.0,0.0,0.0,0.0
5860,66.66666666666667,23.809523809523807,30.0,22.222222222222218,38.46153846153846,0.0,0.0,0.0,0.0,0.0,0.0,0.0,0.0,0.0,0.0,0.0
5870,66.66666666666667,23.809523809523807,30.0,22.222222222222218,38.46153846153846,0.0,0.0,0.0,0.0,0.0,0.0,0.0,0.0,0.0,0.0,0.0
5880,66.66666666666667,23.809523809523807,30.0,22.222222222222218,38.46153846153846,0.0,0.0,0.0,0.0,0.0,0.0,0.0,0.0,0.0,0.0,0.0
5890,66.66666666666667,20.238095238095237,30.0,22.222222222222218,38.46153846153846,0.0,0.0,0.0,0.0,0.0,0.0,0.0,0.0,0.0,0.0,0.0
5900,66.66666666666667,20.238095238095237,30.0,22.222222222222218,38.46153846153846,0.0,0.0,0.0,0.0,0.0,0.0,0.0,0.0,0.0,0.0,0.0
5910,66.66666666666667,20.238095238095237,30.0,22.222222222222218,38.46153846153846,0.0,0.0,0.0,0.0,0.0,0.0,0.0,0.0,0.0,0.0,0.0
5920,66.66666666666667,20.238095238095237,30.0,22.222222222222218,38.46153846153846,0.0,0.0,0.0,0.0,0.0,0.0,0.0,0.0,0.0,0.0,0.0
5930,66.66666666666667,20.238095238095237,30.0,22.222222222222218,38.46153846153846,0.0,0.0,0.0,0.0,0.0,0.0,0.0,0.0,0.0,0.0,0.0
5940,66.66666666666667,20.238095238095237,30.0,22.222222222222218,38.46153846153846,0.0,0.0,0.0,0.0,0.0,0.0,0.0,0.0,0.0,0.0,0.0
5950,66.66666666666667,20.238095238095237,30.0,22.222222222222218,38.46153846153846,0.0,0.0,0.0,0.0,0.0,0.0,0.0,0.0,0.0,0.0,0.0
5960,66.66666666666667,20.238095238095237,30.0,22.222222222222218,38.46153846153846,0.0,0.0,0.0,0.0,0.0,0.0,0.0,0.0,0.0,0.0,0.0
5970,66.66666666666667,20.238095238095237,30.0,22.222222222222218,38.46153846153846,0.0,0.0,0.0,0.0,0.0,0.0,0.0,0.0,0.0,0.0,0.0
5980,66.66666666666667,20.238095238095237,30.0,22.222222222222218,38.46153846153846,0.0,0.0,0.0,0.0,0.0,0.0,0.0,0.0,0.0,0.0,0.0
5990,66.66666666666667,20.238095238095237,30.0,22.222222222222218,38.46153846153846,0.0,0.0,0.0,0.0,0.0,0.0,0.0,0.0,0.0,0.0,0.0
6000,66.66666666666667,20.238095238095237,30.0,22.222222222222218,38.46153846153846,0.0,0.0,0.0,0.0,0.0,0.0,0.0,0.0,0.0,0.0,0.0
6010,66.66666666666667,20.238095238095237,30.0,16.666666666666668,38.46153846153846,0.0,0.0,0.0,0.0,0.0,0.0,0.0,0.0,0.0,0.0,0.0
6020,66.66666666666667,20.238095238095237,30.0,16.666666666666668,38.46153846153846,0.0,0.0,0.0,0.0,0.0,0.0,0.0,0.0,0.0,0.0,0.0
6030,66.66666666666667,20.238095238095237,30.0,16.666666666666668,38.46153846153846,0.0,0.0,0.0,0.0,0.0,0.0,0.0,0.0,0.0,0.0,0.0
6040,64.44444444444444,20.238095238095237,30.0,16.666666666666668,38.46153846153846,0.0,0.0,0.0,0.0,0.0,0.0,0.0,0.0,0.0,0.0,0.0
6050,64.44444444444444,20.238095238095237,30.0,16.666666666666668,38.46153846153846,0.0,0.0,0.0,0.0,0.0,0.0,0.0,0.0,0.0,0.0,0.0
6060,64.44444444444444,16.666666666666664,30.0,16.666666666666668,38.46153846153846,0.0,0.0,0.0,0.0,0.0,0.0,0.0,0.0,0.0,0.0,0.0
6070,64.44444444444444,16.666666666666664,30.0,16.666666666666668,38.46153846153846,0.0,0.0,0.0,0.0,0.0,0.0,0.0,0.0,0.0,0.0,0.0
6080,64.44444444444444,16.666666666666664,30.0,16.666666666666668,38.46153846153846,0.0,0.0,0.0,0.0,0.0,0.0,0.0,0.0,0.0,0.0,0.0
6090,61.11111111111111,16.666666666666664,30.0,16.666666666666668,38.46153846153846,0.0,0.0,0.0,0.0,0.0,0.0,0.0,0.0,0.0,0.0,0.0
6100,61.11111111111111,16.666666666666664,30.0,16.666666666666668,38.46153846153846,0.0,0.0,0.0,0.0,0.0,0.0,0.0,0.0,0.0,0.0,0.0
6110,61.11111111111111,14.285714285714286,30.0,16.666666666666668,38.46153846153846,0.0,0.0,0.0,0.0,0.0,0.0,0.0,0.0,0.0,0.0,0.0
6120,61.11111111111111,14.285714285714286,30.0,16.666666666666668,38.46153846153846,0.0,0.0,0.0,0.0,0.0,0.0,0.0,0.0,0.0,0.0,0.0
6130,61.11111111111111,14.285714285714286,30.0,16.666666666666668,38.46153846153846,0.0,0.0,0.0,0.0,0.0,0.0,0.0,0.0,0.0,0.0,0.0
6140,61.11111111111111,14.285714285714286,30.0,16.666666666666668,38.46153846153846,0.0,0.0,0.0,0.0,0.0,0.0,0.0,0.0,0.0,0.0,0.0
6150,61.11111111111111,14.285714285714286,30.0,16.666666666666668,38.46153846153846,0.0,0.0,0.0,0.0,0.0,0.0,0.0,0.0,0.0,0.0,0.0
6160,61.11111111111111,14.285714285714286,30.0,16.666666666666668,38.46153846153846,0.0,0.0,0.0,0.0,0.0,0.0,0.0,0.0,0.0,0.0,0.0
6170,61.11111111111111,14.285714285714286,30.0,16.666666666666668,38.46153846153846,0.0,0.0,0.0,0.0,0.0,0.0,0.0,0.0,0.0,0.0,0.0
6180,56.666666666666664,14.285714285714286,30.0,16.666666666666668,38.46153846153846,0.0,0.0,0.0,0.0,0.0,0.0,0.0,0.0,0.0,0.0,0.0
6190,56.666666666666664,14.285714285714286,30.0,16.666666666666668,38.46153846153846,0.0,0.0,0.0,0.0,0.0,0.0,0.0,0.0,0.0,0.0,0.0
6200,56.666666666666664,14.285714285714286,30.0,16.666666666666668,38.46153846153846,0.0,0.0,0.0,0.0,0.0,0.0,0.0,0.0,0.0,0.0,0.0
6210,56.666666666666664,14.285714285714286,30.0,16.666666666666668,38.46153846153846,0.0,0.0,0.0,0.0,0.0,0.0,0.0,0.0,0.0,0.0,0.0
6220,56.666666666666664,14.285714285714286,30.0,16.666666666666668,38.46153846153846,0.0,0.0,0.0,0.0,0.0,0.0,0.0,0.0,0.0,0.0,0.0
6230,53.333333333333336,14.285714285714286,30.0,16.666666666666668,38.46153846153846,0.0,0.0,0.0,0.0,0.0,0.0,0.0,0.0,0.0,0.0,0.0
6240,53.333333333333336,14.285714285714286,30.0,16.666666666666668,38.46153846153846,0.0,0.0,0.0,0.0,0.0,0.0,0.0,0.0,0.0,0.0,0.0
6250,53.333333333333336,14.285714285714286,30.0,16.666666666666668,38.46153846153846,0.0,0.0,0.0,0.0,0.0,0.0,0.0,0.0,0.0,0.0,0.0
6260,53.333333333333336,14.285714285714286,30.0,16.666666666666668,38.46153846153846,0.0,0.0,0.0,0.0,0.0,0.0,0.0,0.0,0.0,0.0,0.0
6270,46.666666666666664,14.285714285714286,30.0,16.666666666666668,38.46153846153846,0.0,0.0,0.0,0.0,0.0,0.0,0.0,0.0,0.0,0.0,0.0
6280,46.666666666666664,14.285714285714286,30.0,16.666666666666668,38.46153846153846,0.0,0.0,0.0,0.0,0.0,0.0,0.0,0.0,0.0,0.0,0.0
6290,46.666666666666664,14.285714285714286,30.0,16.666666666666668,38.46153846153846,0.0,0.0,0.0,0.0,0.0,0.0,0.0,0.0,0.0,0.0,0.0
6300,46.666666666666664,14.285714285714286,30.0,16.666666666666668,38.46153846153846,0.0,0.0,0.0,0.0,0.0,0.0,0.0,0.0,0.0,0.0,0.0
6310,46.666666666666664,14.285714285714286,30.0,16.666666666666668,38.46153846153846,0.0,0.0,0.0,0.0,0.0,0.0,0.0,0.0,0.0,0.0,0.0
6320,46.666666666666664,14.285714285714286,30.0,16.666666666666668,38.46153846153846,0.0,0.0,0.0,0.0,0.0,0.0,0.0,0.0,0.0,0.0,0.0
6330,46.666666666666664,14.285714285714286,30.0,16.666666666666668,38.46153846153846,0.0,0.0,0.0,0.0,0.0,0.0,0.0,0.0,0.0,0.0,0.0
6340,46.666666666666664,14.285714285714286,30.0,16.666666666666668,38.46153846153846,0.0,0.0,0.0,0.0,0.0,0.0,0.0,0.0,0.0,0.0,0.0
6350,46.666666666666664,14.285714285714286,30.0,16.666666666666668,38.46153846153846,0.0,0.0,0.0,0.0,0.0,0.0,0.0,0.0,0.0,0.0,0.0
6360,46.666666666666664,14.285714285714286,30.0,16.666666666666668,38.46153846153846,0.0,0.0,0.0,0.0,0.0,0.0,0.0,0.0,0.0,0.0,0.0
6370,46.666666666666664,14.285714285714286,30.0,16.666666666666668,38.46153846153846,0.0,0.0,0.0,0.0,0.0,0.0,0.0,0.0,0.0,0.0,0.0
6380,46.666666666666664,14.285714285714286,30.0,16.666666666666668,38.46153846153846,0.0,0.0,0.0,0.0,0.0,0.0,0.0,0.0,0.0,0.0,0.0
6390,46.666666666666664,14.285714285714286,30.0,16.666666666666668,38.46153846153846,0.0,0.0,0.0,0.0,0.0,0.0,0.0,0.0,0.0,0.0,0.0
6400,43.333333333333336,14.285714285714286,30.0,16.666666666666668,38.46153846153846,0.0,0.0,0.0,0.0,0.0,0.0,0.0,0.0,0.0,0.0,0.0
6410,43.333333333333336,14.285714285714286,30.0,16.666666666666668,38.46153846153846,0.0,0.0,0.0,0.0,0.0,0.0,0.0,0.0,0.0,0.0,0.0
6420,43.333333333333336,14.285714285714286,30.0,16.666666666666668,38.46153846153846,0.0,0.0,0.0,0.0,0.0,0.0,0.0,0.0,0.0,0.0,0.0
6430,43.333333333333336,14.285714285714286,30.0,16.666666666666668,38.46153846153846,0.0,0.0,0.0,0.0,0.0,0.0,0.0,0.0,0.0,0.0,0.0
6440,43.333333333333336,14.285714285714286,30.0,16.666666666666668,38.46153846153846,0.0,0.0,0.0,0.0,0.0,0.0,0.0,0.0,0.0,0.0,0.0
6450,43.333333333333336,14.285714285714286,30.0,16.666666666666668,38.46153846153846,0.0,0.0,0.0,0.0,0.0,0.0,0.0,0.0,0.0,0.0,0.0
6460,43.333333333333336,14.285714285714286,30.0,16.666666666666668,38.46153846153846,0.0,0.0,0.0,0.0,0.0,0.0,0.0,0.0,0.0,0.0,0.0
6470,43.333333333333336,14.285714285714286,30.0,16.666666666666668,38.46153846153846,0.0,0.0,0.0,0.0,0.0,0.0,0.0,0.0,0.0,0.0,0.0
6480,43.333333333333336,14.285714285714286,30.0,16.666666666666668,38.46153846153846,0.0,0.0,0.0,0.0,0.0,0.0,0.0,0.0,0.0,0.0,0.0
6490,43.333333333333336,14.285714285714286,30.0,16.666666666666668,38.46153846153846,0.0,0.0,0.0,0.0,0.0,0.0,0.0,0.0,0.0,0.0,0.0
6500,43.333333333333336,14.285714285714286,30.0,16.666666666666668,38.46153846153846,0.0,0.0,0.0,0.0,0.0,0.0,0.0,0.0,0.0,0.0,0.0
6510,40.0,14.285714285714286,30.0,16.666666666666668,38.46153846153846,0.0,0.0,0.0,0.0,0.0,0.0,0.0,0.0,0.0,0.0,0.0
6520,40.0,14.285714285714286,30.0,16.666666666666668,38.46153846153846,0.0,0.0,0.0,0.0,0.0,0.0,0.0,0.0,0.0,0.0,0.0
6530,40.0,14.285714285714286,30.0,16.666666666666668,38.46153846153846,0.0,0.0,0.0,0.0,0.0,0.0,0.0,0.0,0.0,0.0,0.0
6540,40.0,14.285714285714286,30.0,16.666666666666668,38.46153846153846,0.0,0.0,0.0,0.0,0.0,0.0,0.0,0.0,0.0,0.0,0.0
6550,40.0,14.285714285714286,30.0,16.666666666666668,38.46153846153846,0.0,0.0,0.0,0.0,0.0,0.0,0.0,0.0,0.0,0.0,0.0
6560,40.0,14.285714285714286,30.0,16.666666666666668,38.46153846153846,0.0,0.0,0.0,0.0,0.0,0.0,0.0,0.0,0.0,0.0,0.0
6570,40.0,14.285714285714286,30.0,16.666666666666668,38.46153846153846,0.0,0.0,0.0,0.0,0.0,0.0,0.0,0.0,0.0,0.0,0.0
6580,40.0,14.285714285714286,30.0,16.666666666666668,38.46153846153846,0.0,0.0,0.0,0.0,0.0,0.0,0.0,0.0,0.0,0.0,0.0
6590,40.0,14.285714285714286,30.0,16.666666666666668,38.46153846153846,0.0,0.0,0.0,0.0,0.0,0.0,0.0,0.0,0.0,0.0,0.0
6600,40.0,14.285714285714286,30.0,16.666666666666668,38.46153846153846,0.0,0.0,0.0,0.0,0.0,0.0,0.0,0.0,0.0,0.0,0.0
6610,40.0,14.285714285714286,30.0,16.666666666666668,38.46153846153846,0.0,0.0,0.0,0.0,0.0,0.0,0.0,0.0,0.0,0.0,0.0
6620,40.0,14.285714285714286,30.0,16.666666666666668,38.46153846153846,0.0,0.0,0.0,0.0,0.0,0.0,0.0,0.0,0.0,0.0,0.0
6630,40.0,14.285714285714286,30.0,16.666666666666668,38.46153846153846,0.0,0.0,0.0,0.0,0.0,0.0,0.0,0.0,0.0,0.0,0.0
6640,40.0,14.285714285714286,30.0,16.666666666666668,38.46153846153846,0.0,0.0,0.0,0.0,0.0,0.0,0.0,0.0,0.0,0.0,0.0
6650,40.0,14.285714285714286,30.0,16.666666666666668,38.46153846153846,0.0,0.0,0.0,0.0,0.0,0.0,0.0,0.0,0.0,0.0,0.0
6660,40.0,14.285714285714286,30.0,16.666666666666668,38.46153846153846,0.0,0.0,0.0,0.0,0.0,0.0,0.0,0.0,0.0,0.0,0.0
6670,40.0,14.285714285714286,30.0,16.666666666666668,38.46153846153846,0.0,0.0,0.0,0.0,0.0,0.0,0.0,0.0,0.0,0.0,0.0
6680,40.0,14.285714285714286,30.0,16.666666666666668,38.46153846153846,0.0,0.0,0.0,0.0,0.0,0.0,0.0,0.0,0.0,0.0,0.0
6690,40.0,14.285714285714286,30.0,16.666666666666668,38.46153846153846,0.0,0.0,0.0,0.0,0.0,0.0,0.0,0.0,0.0,0.0,0.0
6700,40.0,14.285714285714286,30.0,16.666666666666668,38.46153846153846,0.0,0.0,0.0,0.0,0.0,0.0,0.0,0.0,0.0,0.0,0.0
6710,40.0,14.285714285714286,30.0,16.666666666666668,38.46153846153846,0.0,0.0,0.0,0.0,0.0,0.0,0.0,0.0,0.0,0.0,0.0
6720,40.0,14.285714285714286,30.0,16.666666666666668,38.46153846153846,0.0,0.0,0.0,0.0,0.0,0.0,0.0,0.0,0.0,0.0,0.0
6730,40.0,14.285714285714286,30.0,8.333333333333334,38.46153846153846,0.0,0.0,0.0,0.0,0.0,0.0,0.0,0.0,0.0,0.0,0.0
6740,40.0,14.285714285714286,30.0,8.333333333333334,38.46153846153846,0.0,0.0,0.0,0.0,0.0,0.0,0.0,0.0,0.0,0.0,0.0
6750,40.0,14.285714285714286,30.0,8.333333333333334,38.46153846153846,0.0,0.0,0.0,0.0,0.0,0.0,0.0,0.0,0.0,0.0,0.0
6760,40.0,14.285714285714286,30.0,8.333333333333334,38.46153846153846,0.0,0.0,0.0,0.0,0.0,0.0,0.0,0.0,0.0,0.0,0.0
6770,40.0,14.285714285714286,30.0,8.333333333333334,38.46153846153846,0.0,0.0,0.0,0.0,0.0,0.0,0.0,0.0,0.0,0.0,0.0
6780,40.0,14.285714285714286,30.0,8.333333333333334,38.46153846153846,0.0,0.0,0.0,0.0,0.0,0.0,0.0,0.0,0.0,0.0,0.0
6790,40.0,14.285714285714286,30.0,8.333333333333334,38.46153846153846,0.0,0.0,0.0,0.0,0.0,0.0,0.0,0.0,0.0,0.0,0.0
6800,33.333333333333336,14.285714285714286,30.0,8.333333333333334,38.46153846153846,0.0,0.0,0.0,0.0,0.0,0.0,0.0,0.0,0.0,0.0,0.0
6810,33.333333333333336,14.285714285714286,30.0,8.333333333333334,38.46153846153846,0.0,0.0,0.0,0.0,0.0,0.0,0.0,0.0,0.0,0.0,0.0
6820,33.333333333333336,14.285714285714286,30.0,8.333333333333334,38.46153846153846,0.0,0.0,0.0,0.0,0.0,0.0,0.0,0.0,0.0,0.0,0.0
6830,33.333333333333336,14.285714285714286,30.0,8.333333333333334,38.46153846153846,0.0,0.0,0.0,0.0,0.0,0.0,0.0,0.0,0.0,0.0,0.0
6840,33.333333333333336,14.285714285714286,30.0,8.333333333333334,35.8974358974359,0.0,0.0,0.0,0.0,0.0,0.0,0.0,0.0,0.0,0.0,0.0
6850,33.333333333333336,14.285714285714286,30.0,8.333333333333334,35.8974358974359,0.0,0.0,0.0,0.0,0.0,0.0,0.0,0.0,0.0,0.0,0.0
6860,33.333333333333336,14.285714285714286,30.0,8.333333333333334,35.8974358974359,0.0,0.0,0.0,0.0,0.0,0.0,0.0,0.0,0.0,0.0,0.0
6870,33.333333333333336,14.285714285714286,30.0,8.333333333333334,35.8974358974359,0.0,0.0,0.0,0.0,0.0,0.0,0.0,0.0,0.0,0.0,0.0
6880,33.333333333333336,14.285714285714286,20.0,8.333333333333334,35.8974358974359,0.0,0.0,0.0,0.0,0.0,0.0,0.0,0.0,0.0,0.0,0.0
6890,33.333333333333336,14.285714285714286,20.0,8.333333333333334,35.8974358974359,0.0,0.0,0.0,0.0,0.0,0.0,0.0,0.0,0.0,0.0,0.0
6900,33.333333333333336,14.285714285714286,20.0,8.333333333333334,35.8974358974359,0.0,0.0,0.0,0.0,0.0,0.0,0.0,0.0,0.0,0.0,0.0
6910,26.666666666666668,14.285714285714286,20.0,8.333333333333334,35.8974358974359,0.0,0.0,0.0,0.0,0.0,0.0,0.0,0.0,0.0,0.0,0.0
6920,26.666666666666668,14.285714285714286,20.0,8.333333333333334,35.8974358974359,0.0,0.0,0.0,0.0,0.0,0.0,0.0,0.0,0.0,0.0,0.0
6930,26.666666666666668,14.285714285714286,20.0,8.333333333333334,35.8974358974359,0.0,0.0,0.0,0.0,0.0,0.0,0.0,0.0,0.0,0.0,0.0
6940,26.666666666666668,14.285714285714286,20.0,8.333333333333334,35.8974358974359,0.0,0.0,0.0,0.0,0.0,0.0,0.0,0.0,0.0,0.0,0.0
6950,26.666666666666668,14.285714285714286,20.0,8.333333333333334,35.8974358974359,0.0,0.0,0.0,0.0,0.0,0.0,0.0,0.0,0.0,0.0,0.0
6960,26.666666666666668,14.285714285714286,20.0,8.333333333333334,35.8974358974359,0.0,0.0,0.0,0.0,0.0,0.0,0.0,0.0,0.0,0.0,0.0
6970,26.666666666666668,14.285714285714286,20.0,8.333333333333334,35.8974358974359,0.0,0.0,0.0,0.0,0.0,0.0,0.0,0.0,0.0,0.0,0.0
6980,26.666666666666668,14.285714285714286,20.0,8.333333333333334,30.76923076923077,0.0,0.0,0.0,0.0,0.0,0.0,0.0,0.0,0.0,0.0,0.0
6990,26.666666666666668,14.285714285714286,20.0,8.333333333333334,30.76923076923077,0.0,0.0,0.0,0.0,0.0,0.0,0.0,0.0,0.0,0.0,0.0
7000,26.666666666666668,14.285714285714286,20.0,8.333333333333334,30.76923076923077,0.0,0.0,0.0,0.0,0.0,0.0,0.0,0.0,0.0,0.0,0.0
7010,26.666666666666668,14.285714285714286,20.0,8.333333333333334,30.76923076923077,0.0,0.0,0.0,0.0,0.0,0.0,0.0,0.0,0.0,0.0,0.0
7020,26.666666666666668,14.285714285714286,20.0,8.333333333333334,30.76923076923077,0.0,0.0,0.0,0.0,0.0,0.0,0.0,0.0,0.0,0.0,0.0
7030,26.666666666666668,14.285714285714286,20.0,8.333333333333334,30.76923076923077,0.0,0.0,0.0,0.0,0.0,0.0,0.0,0.0,0.0,0.0,0.0
7040,26.666666666666668,14.285714285714286,20.0,8.333333333333334,30.76923076923077,0.0,0.0,0.0,0.0,0.0,0.0,0.0,0.0,0.0,0.0,0.0
7050,26.666666666666668,14.285714285714286,20.0,8.333333333333334,23.076923076923077,0.0,0.0,0.0,0.0,0.0,0.0,0.0,0.0,0.0,0.0,0.0
7060,26.666666666666668,14.285714285714286,20.0,8.333333333333334,23.076923076923077,0.0,0.0,0.0,0.0,0.0,0.0,0.0,0.0,0.0,0.0,0.0
7070,26.666666666666668,14.285714285714286,9.999999999999998,8.333333333333334,23.076923076923077,0.0,0.0,0.0,0.0,0.0,0.0,0.0,0.0,0.0,0.0,0.0
7080,26.666666666666668,14.285714285714286,9.999999999999998,8.333333333333334,23.076923076923077,0.0,0.0,0.0,0.0,0.0,0.0,0.0,0.0,0.0,0.0,0.0
7090,26.666666666666668,14.285714285714286,9.999999999999998,8.333333333333334,23.076923076923077,0.0,0.0,0.0,0.0,0.0,0.0,0.0,0.0,0.0,0.0,0.0
7100,26.666666666666668,14.285714285714286,9.999999999999998,8.333333333333334,23.076923076923077,0.0,0.0,0.0,0.0,0.0,0.0,0.0,0.0,0.0,0.0,0.0
7110,26.666666666666668,14.285714285714286,10.0,8.333333333333334,23.076923076923077,0.0,0.0,0.0,0.0,0.0,0.0,0.0,0.0,0.0,0.0,0.0
7120,26.666666666666668,14.285714285714286,10.0,8.333333333333334,23.076923076923077,0.0,0.0,0.0,0.0,0.0,0.0,0.0,0.0,0.0,0.0,0.0
7130,26.666666666666668,14.285714285714286,10.0,8.333333333333334,23.076923076923077,0.0,0.0,0.0,0.0,0.0,0.0,0.0,0.0,0.0,0.0,0.0
7140,26.666666666666668,14.285714285714286,10.0,8.333333333333334,23.076923076923077,0.0,0.0,0.0,0.0,0.0,0.0,0.0,0.0,0.0,0.0,0.0
7150,26.666666666666668,7.142857142857143,10.0,8.333333333333334,23.076923076923077,0.0,0.0,0.0,0.0,0.0,0.0,0.0,0.0,0.0,0.0,0.0
7160,26.666666666666668,7.142857142857143,10.0,8.333333333333334,23.076923076923077,0.0,0.0,0.0,0.0,0.0,0.0,0.0,0.0,0.0,0.0,0.0
7170,26.666666666666668,7.142857142857143,10.0,8.333333333333334,23.076923076923077,0.0,0.0,0.0,0.0,0.0,0.0,0.0,0.0,0.0,0.0,0.0
7180,26.666666666666668,7.142857142857143,10.0,8.333333333333334,23.076923076923077,0.0,0.0,0.0,0.0,0.0,0.0,0.0,0.0,0.0,0.0,0.0
7190,23.333333333333332,7.142857142857143,10.0,8.333333333333334,23.076923076923077,0.0,0.0,0.0,0.0,0.0,0.0,0.0,0.0,0.0,0.0,0.0
7200,23.333333333333332,7.142857142857143,10.0,8.333333333333334,23.076923076923077,0.0,0.0,0.0,0.0,0.0,0.0,0.0,0.0,0.0,0.0,0.0
7210,23.333333333333332,7.142857142857143,10.0,8.333333333333334,23.076923076923077,0.0,0.0,0.0,0.0,0.0,0.0,0.0,0.0,0.0,0.0,0.0
7220,23.333333333333332,7.142857142857143,10.0,8.333333333333334,23.076923076923077,0.0,0.0,0.0,0.0,0.0,0.0,0.0,0.0,0.0,0.0,0.0
7230,23.333333333333332,7.142857142857143,10.0,8.333333333333334,23.076923076923077,0.0,0.0,0.0,0.0,0.0,0.0,0.0,0.0,0.0,0.0,0.0
7240,23.333333333333332,7.142857142857143,10.0,8.333333333333334,23.076923076923077,0.0,0.0,0.0,0.0,0.0,0.0,0.0,0.0,0.0,0.0,0.0
7250,23.333333333333332,7.142857142857143,10.0,8.333333333333334,23.076923076923077,0.0,0.0,0.0,0.0,0.0,0.0,0.0,0.0,0.0,0.0,0.0
7260,16.666666666666668,7.142857142857143,10.0,8.333333333333334,23.076923076923077,0.0,0.0,0.0,0.0,0.0,0.0,0.0,0.0,0.0,0.0,0.0
7270,16.666666666666668,7.142857142857143,10.0,8.333333333333334,23.076923076923077,0.0,0.0,0.0,0.0,0.0,0.0,0.0,0.0,0.0,0.0,0.0
7280,16.666666666666668,7.142857142857143,10.0,8.333333333333334,23.076923076923077,0.0,0.0,0.0,0.0,0.0,0.0,0.0,0.0,0.0,0.0,0.0
7290,13.333333333333334,7.142857142857143,10.0,8.333333333333334,23.076923076923077,0.0,0.0,0.0,0.0,0.0,0.0,0.0,0.0,0.0,0.0,0.0
7300,13.333333333333334,7.142857142857143,10.0,8.333333333333334,23.076923076923077,0.0,0.0,0.0,0.0,0.0,0.0,0.0,0.0,0.0,0.0,0.0
7310,13.333333333333334,7.142857142857143,10.0,8.333333333333334,23.076923076923077,0.0,0.0,0.0,0.0,0.0,0.0,0.0,0.0,0.0,0.0,0.0
7320,13.333333333333334,7.142857142857143,10.0,8.333333333333334,23.076923076923077,0.0,0.0,0.0,0.0,0.0,0.0,0.0,0.0,0.0,0.0,0.0
7330,13.333333333333334,7.142857142857143,10.0,8.333333333333334,23.076923076923077,0.0,0.0,0.0,0.0,0.0,0.0,0.0,0.0,0.0,0.0,0.0
7340,13.333333333333334,7.142857142857143,10.0,8.333333333333334,23.076923076923077,0.0,0.0,0.0,0.0,0.0,0.0,0.0,0.0,0.0,0.0,0.0
7350,13.333333333333334,7.142857142857143,10.0,8.333333333333334,23.076923076923077,0.0,0.0,0.0,0.0,0.0,0.0,0.0,0.0,0.0,0.0,0.0
7360,13.333333333333334,7.142857142857143,10.0,8.333333333333334,23.076923076923077,0.0,0.0,0.0,0.0,0.0,0.0,0.0,0.0,0.0,0.0,0.0
7370,13.333333333333334,7.142857142857143,0.0,8.333333333333334,23.076923076923077,0.0,0.0,0.0,0.0,0.0,0.0,0.0,0.0,0.0,0.0,0.0
7380,13.333333333333334,7.142857142857143,0.0,8.333333333333334,23.076923076923077,0.0,0.0,0.0,0.0,0.0,0.0,0.0,0.0,0.0,0.0,0.0
7390,13.333333333333334,7.142857142857143,0.0,8.333333333333334,23.076923076923077,0.0,0.0,0.0,0.0,0.0,0.0,0.0,0.0,0.0,0.0,0.0
7400,13.333333333333334,7.142857142857143,0.0,8.333333333333334,23.076923076923077,0.0,0.0,0.0,0.0,0.0,0.0,0.0,0.0,0.0,0.0,0.0
7410,13.333333333333334,7.142857142857143,0.0,8.333333333333334,23.076923076923077,0.0,0.0,0.0,0.0,0.0,0.0,0.0,0.0,0.0,0.0,0.0
7420,13.333333333333334,7.142857142857143,0.0,8.333333333333334,23.076923076923077,0.0,0.0,0.0,0.0,0.0,0.0,0.0,0.0,0.0,0.0,0.0
7430,13.333333333333334,7.142857142857143,0.0,8.333333333333334,23.076923076923077,0.0,0.0,0.0,0.0,0.0,0.0,0.0,0.0,0.0,0.0,0.0
7440,13.333333333333334,7.142857142857143,0.0,8.333333333333334,23.076923076923077,0.0,0.0,0.0,0.0,0.0,0.0,0.0,0.0,0.0,0.0,0.0
7450,13.333333333333334,7.142857142857143,0.0,8.333333333333334,23.076923076923077,0.0,0.0,0.0,0.0,0.0,0.0,0.0,0.0,0.0,0.0,0.0
7460,13.333333333333334,7.142857142857143,0.0,8.333333333333334,23.076923076923077,0.0,0.0,0.0,0.0,0.0,0.0,0.0,0.0,0.0,0.0,0.0
7470,13.333333333333334,7.142857142857143,0.0,8.333333333333334,23.076923076923077,0.0,0.0,0.0,0.0,0.0,0.0,0.0,0.0,0.0,0.0,0.0
7480,13.333333333333334,7.142857142857143,0.0,8.333333333333334,23.076923076923077,0.0,0.0,0.0,0.0,0.0,0.0,0.0,0.0,0.0,0.0,0.0
7490,13.333333333333334,7.1428571428571415,0.0,8.333333333333334,23.076923076923077,0.0,0.0,0.0,0.0,0.0,0.0,0.0,0.0,0.0,0.0,0.0
7500,13.333333333333334,7.1428571428571415,0.0,8.333333333333334,23.076923076923077,0.0,0.0,0.0,0.0,0.0,0.0,0.0,0.0,0.0,0.0,0.0
7510,13.333333333333334,7.1428571428571415,0.0,8.333333333333334,23.076923076923077,0.0,0.0,0.0,0.0,0.0,0.0,0.0,0.0,0.0,0.0,0.0
7520,13.333333333333334,7.1428571428571415,0.0,8.333333333333334,23.076923076923077,0.0,0.0,0.0,0.0,0.0,0.0,0.0,0.0,0.0,0.0,0.0
7530,13.333333333333334,7.1428571428571415,0.0,8.333333333333334,23.076923076923077,0.0,0.0,0.0,0.0,0.0,0.0,0.0,0.0,0.0,0.0,0.0
7540,13.333333333333334,7.1428571428571415,0.0,8.333333333333334,23.076923076923077,0.0,0.0,0.0,0.0,0.0,0.0,0.0,0.0,0.0,0.0,0.0
7550,13.333333333333334,7.1428571428571415,0.0,8.333333333333334,23.076923076923077,0.0,0.0,0.0,0.0,0.0,0.0,0.0,0.0,0.0,0.0,0.0
7560,13.333333333333334,7.1428571428571415,0.0,8.333333333333334,23.076923076923077,0.0,0.0,0.0,0.0,0.0,0.0,0.0,0.0,0.0,0.0,0.0
7570,13.333333333333334,7.1428571428571415,0.0,8.333333333333334,23.076923076923077,0.0,0.0,0.0,0.0,0.0,0.0,0.0,0.0,0.0,0.0,0.0
7580,13.333333333333334,7.1428571428571415,0.0,0.0,23.076923076923077,0.0,0.0,0.0,0.0,0.0,0.0,0.0,0.0,0.0,0.0,0.0
7590,13.333333333333334,7.1428571428571415,0.0,0.0,23.076923076923077,0.0,0.0,0.0,0.0,0.0,0.0,0.0,0.0,0.0,0.0,0.0
7600,13.333333333333334,7.1428571428571415,0.0,0.0,23.076923076923077,0.0,0.0,0.0,0.0,0.0,0.0,0.0,0.0,0.0,0.0,0.0
7610,13.333333333333334,7.1428571428571415,0.0,0.0,23.076923076923077,0.0,0.0,0.0,0.0,0.0,0.0,0.0,0.0,0.0,0.0,0.0
7620,13.333333333333334,7.1428571428571415,0.0,0.0,23.076923076923077,0.0,0.0,0.0,0.0,0.0,0.0,0.0,0.0,0.0,0.0,0.0
7630,13.333333333333334,7.1428571428571415,0.0,0.0,23.076923076923077,0.0,0.0,0.0,0.0,0.0,0.0,0.0,0.0,0.0,0.0,0.0
7640,13.333333333333334,7.1428571428571415,0.0,0.0,23.076923076923077,0.0,0.0,0.0,0.0,0.0,0.0,0.0,0.0,0.0,0.0,0.0
7650,13.333333333333334,7.1428571428571415,0.0,0.0,23.076923076923077,0.0,0.0,0.0,0.0,0.0,0.0,0.0,0.0,0.0,0.0,0.0
7660,13.333333333333334,7.1428571428571415,0.0,0.0,23.076923076923077,0.0,0.0,0.0,0.0,0.0,0.0,0.0,0.0,0.0,0.0,0.0
7670,13.333333333333336,7.1428571428571415,0.0,0.0,23.076923076923077,0.0,0.0,0.0,0.0,0.0,0.0,0.0,0.0,0.0,0.0,0.0
7680,13.333333333333336,7.1428571428571415,0.0,0.0,23.076923076923077,0.0,0.0,0.0,0.0,0.0,0.0,0.0,0.0,0.0,0.0,0.0
7690,13.333333333333336,7.1428571428571415,0.0,0.0,23.076923076923077,0.0,0.0,0.0,0.0,0.0,0.0,0.0,0.0,0.0,0.0,0.0
7700,13.333333333333336,7.1428571428571415,0.0,0.0,23.076923076923077,0.0,0.0,0.0,0.0,0.0,0.0,0.0,0.0,0.0,0.0,0.0
7710,13.333333333333336,7.1428571428571415,0.0,0.0,15.384615384615385,0.0,0.0,0.0,0.0,0.0,0.0,0.0,0.0,0.0,0.0,0.0
7720,13.333333333333336,7.1428571428571415,0.0,0.0,15.384615384615385,0.0,0.0,0.0,0.0,0.0,0.0,0.0,0.0,0.0,0.0,0.0
7730,13.333333333333336,7.1428571428571415,0.0,0.0,15.384615384615385,0.0,0.0,0.0,0.0,0.0,0.0,0.0,0.0,0.0,0.0,0.0
7740,13.333333333333336,7.1428571428571415,0.0,0.0,15.384615384615385,0.0,0.0,0.0,0.0,0.0,0.0,0.0,0.0,0.0,0.0,0.0
7750,13.333333333333336,7.1428571428571415,0.0,0.0,15.384615384615385,0.0,0.0,0.0,0.0,0.0,0.0,0.0,0.0,0.0,0.0,0.0
7760,6.666666666666669,7.1428571428571415,0.0,0.0,15.384615384615385,0.0,0.0,0.0,0.0,0.0,0.0,0.0,0.0,0.0,0.0,0.0
7770,6.666666666666669,7.1428571428571415,0.0,0.0,15.384615384615385,0.0,0.0,0.0,0.0,0.0,0.0,0.0,0.0,0.0,0.0,0.0
7780,6.666666666666669,7.1428571428571415,0.0,0.0,15.384615384615385,0.0,0.0,0.0,0.0,0.0,0.0,0.0,0.0,0.0,0.0,0.0
7790,6.666666666666669,7.1428571428571415,0.0,0.0,15.384615384615387,0.0,0.0,0.0,0.0,0.0,0.0,0.0,0.0,0.0,0.0,0.0
7800,6.666666666666669,7.1428571428571415,0.0,0.0,15.384615384615387,0.0,0.0,0.0,0.0,0.0,0.0,0.0,0.0,0.0,0.0,0.0
7810,6.666666666666669,7.1428571428571415,0.0,0.0,15.384615384615387,0.0,0.0,0.0,0.0,0.0,0.0,0.0,0.0,0.0,0.0,0.0
7820,6.666666666666669,7.1428571428571415,0.0,0.0,15.384615384615387,0.0,0.0,0.0,0.0,0.0,0.0,0.0,0.0,0.0,0.0,0.0
7830,6.666666666666669,7.142857142857143,0.0,0.0,15.384615384615387,0.0,0.0,0.0,0.0,0.0,0.0,0.0,0.0,0.0,0.0,0.0
7840,6.666666666666669,7.142857142857143,0.0,0.0,15.384615384615387,0.0,0.0,0.0,0.0,0.0,0.0,0.0,0.0,0.0,0.0,0.0
7850,6.666666666666669,7.142857142857143,0.0,0.0,15.384615384615387,0.0,0.0,0.0,0.0,0.0,0.0,0.0,0.0,0.0,0.0,0.0
7860,6.666666666666669,7.142857142857143,0.0,0.0,15.384615384615387,0.0,0.0,0.0,0.0,0.0,0.0,0.0,0.0,0.0,0.0,0.0
7870,6.666666666666669,7.142857142857143,0.0,0.0,15.384615384615387,0.0,0.0,0.0,0.0,0.0,0.0,0.0,0.0,0.0,0.0,0.0
7880,6.666666666666669,7.142857142857143,0.0,0.0,15.384615384615385,0.0,0.0,0.0,0.0,0.0,0.0,0.0,0.0,0.0,0.0,0.0
7890,6.666666666666669,7.142857142857143,0.0,0.0,15.384615384615385,0.0,0.0,0.0,0.0,0.0,0.0,0.0,0.0,0.0,0.0,0.0
7900,6.666666666666669,7.142857142857143,0.0,0.0,15.384615384615385,0.0,0.0,0.0,0.0,0.0,0.0,0.0,0.0,0.0,0.0,0.0
7910,6.666666666666669,0.0,0.0,0.0,15.384615384615385,0.0,0.0,0.0,0.0,0.0,0.0,0.0,0.0,0.0,0.0,0.0
7920,6.666666666666669,0.0,0.0,0.0,15.384615384615385,0.0,0.0,0.0,0.0,0.0,0.0,0.0,0.0,0.0,0.0,0.0
7930,6.666666666666669,0.0,0.0,0.0,15.384615384615385,0.0,0.0,0.0,0.0,0.0,0.0,0.0,0.0,0.0,0.0,0.0
7940,6.666666666666669,0.0,0.0,0.0,15.384615384615385,0.0,0.0,0.0,0.0,0.0,0.0,0.0,0.0,0.0,0.0,0.0
7950,6.666666666666667,0.0,0.0,0.0,15.384615384615385,0.0,0.0,0.0,0.0,0.0,0.0,0.0,0.0,0.0,0.0,0.0
7960,6.666666666666667,0.0,0.0,0.0,15.384615384615385,0.0,0.0,0.0,0.0,0.0,0.0,0.0,0.0,0.0,0.0,0.0
7970,6.666666666666667,0.0,0.0,0.0,15.384615384615385,0.0,0.0,0.0,0.0,0.0,0.0,0.0,0.0,0.0,0.0,0.0
7980,6.666666666666667,0.0,0.0,0.0,15.384615384615385,0.0,0.0,0.0,0.0,0.0,0.0,0.0,0.0,0.0,0.0,0.0
7990,0.0,0.0,0.0,0.0,15.384615384615385,0.0,0.0,0.0,0.0,0.0,0.0,0.0,0.0,0.0,0.0,0.0
8000,0.0,0.0,0.0,0.0,15.384615384615385,0.0,0.0,0.0,0.0,0.0,0.0,0.0,0.0,0.0,0.0,0.0
8010,0.0,0.0,0.0,0.0,15.384615384615385,0.0,0.0,0.0,0.0,0.0,0.0,0.0,0.0,0.0,0.0,0.0
8020,0.0,0.0,0.0,0.0,15.384615384615385,0.0,0.0,0.0,0.0,0.0,0.0,0.0,0.0,0.0,0.0,0.0
8030,0.0,0.0,0.0,0.0,15.384615384615385,0.0,0.0,0.0,0.0,0.0,0.0,0.0,0.0,0.0,0.0,0.0
8040,0.0,0.0,0.0,0.0,15.384615384615385,0.0,0.0,0.0,0.0,0.0,0.0,0.0,0.0,0.0,0.0,0.0
8050,0.0,0.0,0.0,0.0,15.384615384615385,0.0,0.0,0.0,0.0,0.0,0.0,0.0,0.0,0.0,0.0,0.0
8060,0.0,0.0,0.0,0.0,15.384615384615385,0.0,0.0,0.0,0.0,0.0,0.0,0.0,0.0,0.0,0.0,0.0
8070,0.0,0.0,0.0,0.0,15.384615384615385,0.0,0.0,0.0,0.0,0.0,0.0,0.0,0.0,0.0,0.0,0.0
8080,0.0,0.0,0.0,0.0,7.6923076923076925,0.0,0.0,0.0,0.0,0.0,0.0,0.0,0.0,0.0,0.0,0.0
8090,0.0,0.0,0.0,0.0,7.6923076923076925,0.0,0.0,0.0,0.0,0.0,0.0,0.0,0.0,0.0,0.0,0.0
8100,0.0,0.0,0.0,0.0,7.6923076923076925,0.0,0.0,0.0,0.0,0.0,0.0,0.0,0.0,0.0,0.0,0.0
8110,0.0,0.0,0.0,0.0,7.6923076923076925,0.0,0.0,0.0,0.0,0.0,0.0,0.0,0.0,0.0,0.0,0.0
8120,0.0,0.0,0.0,0.0,0.0,0.0,0.0,0.0,0.0,0.0,0.0,0.0,0.0,0.0,0.0,0.0
